"","site_id","longitude.x","latitude.x","mukey","OBJECTID","comppct_r","CONFIDENCE","AVG_SAND","AVG_SILT","AVG_CLAY","X","site_name","data_policy","data_start","data_end","latitude.y","longitude.y","elevation","timezone","avg_air_temp_degC","avg_precip_mm","IGBP_veg","Koppen_clim_class","soil_texture","Description","porosity","psi.ae","lamda","Sf","SOS","EOS","LGS","CH_GLAD","AI_gridded","RD"
"1","US-A32",-97.8198,36.8193,"2628668",225042,100,"R",8.77869268662,50.8964020462,40.3249052671,1,"ARM-SGP Medford hay pasture","CCBY4.0",2015,2017,36.8193,-97.8198,335,"America/Chicago",33.9,889,"GRA","Cfa",4,"Silt loam",0.485,78.6,0.234,16.68,"2015-02-10","2015-12-15",308,0,0.386640136059281,1.4431523000959
"2","US-A74",-97.5489,36.8085,"382717",225064,100,"R",11.6533539602,49.597601541,38.7490444987,2,"ARM SGP milo field","CCBY4.0",2015,2017,36.8085,-97.5489,337,"America/Chicago",33.9,889,"CRO","Cfa",4,"Silt loam",0.485,78.6,0.234,16.68,"2015-03-30","2015-09-14",168,0,0.427087673962114,1.17635456890045
"3","US-Akn",-81.5653,33.3825,"131335",271525,100,"R",83.4482758621,5.39901477833,11.1527093596,3,"Savannah River Site","CCBY4.0",2011,2022,33.3825,-81.5653,93,"America/New_York",NA,NA,"MF",NA,1,"Sand",0.395,12.1,0.694,4.95,"2015-04-19","2015-11-09",204,17.8500000000099,1.01229793666601,3.9319374513835
"4","US-AR1",-99.42,36.4267,"385264",229871,100,"R",11.7450935374,65.6556717687,22.5992346939,4,"ARM USDA UNL OSU Woodward Switchgrass 1","CCBY4.0",2009,2012,36.4267,-99.42,611,"America/Chicago",NA,NA,"GRA","Dsa",6,"Loam",0.451,47.8,0.252,8.89,"2015-03-26","2015-10-12",200,0,0.310620933252572,4.48221666299549
"5","US-AR2",-99.5975,36.6358,"383041",224984,100,"R",83.6635221675,10.62,5.71647783251,5,"ARM USDA UNL OSU Woodward Switchgrass 2","CCBY4.0",2009,2012,36.6358,-99.5975,646,"America/Chicago",NA,NA,"GRA","Dsa",6,"Loam",0.451,47.8,0.252,8.89,"2015-03-02","2015-09-02",184,0,0.282475278115269,3.90008856342706
"6","US-ARb",-98.0402,35.5497,"381969",244583,100,"R",8.72814326178,63.2018172907,28.0700394475,6,"ARM Southern Great Plains burn site- Lamont","CCBY4.0",2005,2006,35.5497,-98.0402,424,"America/Chicago",NA,NA,"GRA","Cfa",4,"Silt loam",0.485,78.6,0.234,16.68,"2015-04-15","2015-09-30",168,0,0.345174361384867,7.457212947149
"7","US-ARc",-98.04,35.5465,"381966",244580,100,"R",9.04660569086,59.4665569966,31.4868373126,7,"ARM Southern Great Plains control site- Lamont","CCBY4.0",2005,2006,35.5465,-98.04,424,"America/Chicago",NA,NA,"GRA","Cfa",4,"Silt loam",0.485,78.6,0.234,16.68,"2015-04-27","2015-09-26",152,0,0.341324872761958,7.49253682719146
"8","US-ARM",-97.4888,36.6058,"382739",225085,100,"R",24.1323504995,34.0815851628,41.7860643378,8,"ARM Southern Great Plains site- Lamont","CCBY4.0",2003,2025,36.6058,-97.4888,314,"America/Chicago",14.76,843,"CRO","Cfa",4,"Silt loam",0.485,78.6,0.234,16.68,"2015-03-10","2015-08-21",164,0,0.456473125689508,1.77634973403505
"9","US-ASH",-120.201,36.1697,"467055",229181,100,"R",24.868852459,52.650273224,22.4808743169,9,"USSL San Joaquin Valley Almond High Salinity","CCBY4.0",2016,2017,36.1697,-120.201,147,"America/Los_Angeles",18.1,210,"DBF","Bwk",3,"Sandy loam",0.435,21.8,0.378,11.01,"2015-02-10","2015-11-17",280,5,0.0943304789876962,6.92305793626611
"10","US-ASM",-120.2026,36.1777,"467042",229169,100,"R",63.1420765027,27.5355191257,9.32240437158,10,"USSL San Joaquin Valley Almond Medium Salinity","CCBY4.0",2016,2017,36.1777,-120.2026,147,"America/Los_Angeles",18.1,210,"DBF","Bwk",3,"Sandy loam",0.435,21.8,0.378,11.01,"2015-03-06","2015-11-29",268,3.06000000017735,0.0957924794321006,6.98279465444758
"11","US-Bar",-71.2881,44.0646,NA,NA,NA,NA,59.2065850044292,26.2095552727804,14.5838597227933,11,"Bartlett Experimental Forest","CCBY4.0",2004,2024,44.0646,-71.2881,272,"America/New_York",5.61,1245.77,"DBF","Dfb",3,"Sandy loam",0.435,21.8,0.378,11.01,"2015-05-09","2015-09-30",144,18.8700000001026,1.45478692151071,2.18063324590697
"12","US-Bi1",-121.4993,38.0992,"462125",204207,100,"R",26.0196594427,39.7980650155,34.1822755418,12,"Bouldin Island Alfalfa","CCBY4.0",2016,2024,38.0992,-121.4993,-2.7,"America/Los_Angeles",16,338,"CRO","Csa",12,"Clay",0.482,40.5,0.165,31.63,"2015-03-14","2015-11-21",252,0,0.440034817747345,2.46326314487865
"13","US-Bi2",-121.5351,38.1091,"462117",204199,100,"R",46.4796052632,23.0927631579,30.4276315789,13,"Bouldin Island corn","CCBY4.0",2017,2024,38.1091,-121.5351,-5,"America/Los_Angeles",16,338,"CRO","Csa",9,"Clay loam",0.476,63,0.242,20.88,"2015-06-10","2015-09-06",88,0,0.385956609142303,2.20529605079186
"14","US-BRG",-86.5406,39.2167,"535571",178365,97,"R",18.1842105263,67.3289473684,14.4868421053,14,"Bayles Road Grassland Tower","CCBY4.0",2016,2020,39.2167,-86.5406,180,"America/Indiana/Indianapolis",11.8,1200,"GRA","Cfa",4,"Silt loam",0.485,78.6,0.234,16.68,"2015-04-11","2015-10-08",180,0,1.06095785441307,3.75417566985437
"15","US-CdM",-109.7471,37.5241,"55470",212231,100,"R",63.5441885965,18.9470052083,17.5088061952,15,"Cedar Mesa","CCBY4.0",2019,2023,37.5241,-109.7471,1860,"America/Denver",11.3,348,"WSA","Bsk",3,"Sandy loam",0.435,21.8,0.378,11.01,"2015-03-30","2015-10-24",208,0,0.0365607574338917,2.87258501650163
"16","US-CF1",-117.0821,46.7815,"68563",23321,100,"R",9.98289473684,66.6223684211,23.3947368421,16,"CAF-LTAR Cook East","CCBY4.0",2017,2021,46.7815,-117.0821,794,"America/Los_Angeles",9,550,"CRO","Dsb",4,"Silt loam",0.485,78.6,0.234,16.68,"2015-05-21","2015-07-24",64,0,0.44243290012539,5.70015600360076
"17","US-CF2",-117.0908,46.784,"68563",23321,100,"R",9.98289473684,66.6223684211,23.3947368421,17,"CAF-LTAR Cook West","CCBY4.0",2017,2021,46.784,-117.0908,807,"America/Los_Angeles",9,550,"CRO","Dsb",4,"Silt loam",0.485,78.6,0.234,16.68,"2015-05-21","2015-07-16",56,0,0.448226777045731,5.6959242428346
"18","US-CF3",-117.1261,46.7551,"68556",23314,100,"R",7.58092105263,63.9322368421,28.4868421053,18,"CAF-LTAR Boyd North","CCBY4.0",2017,2021,46.7551,-117.1261,795,"America/Los_Angeles",9,550,"CRO","Dsb",4,"Silt loam",0.485,78.6,0.234,16.68,"2015-05-05","2015-07-24",80,0,0.460497224049806,5.53660695668427
"19","US-CF4",-117.1285,46.7518,"68563",23321,100,"R",9.98289473684,66.6223684211,23.3947368421,19,"CAF-LTAR Boyd South","CCBY4.0",2017,2021,46.7518,-117.1285,795,"America/Los_Angeles",9,550,"CRO","Dsb",4,"Silt loam",0.485,78.6,0.234,16.68,"2015-05-05","2015-07-20",76,0,0.461446052594184,5.5214056596789
"20","US-CGG",-121.9761,37.938,"455759",203941,100,"R",22.1,27.9,50,20,"Concord Grazed Grassland","CCBY4.0",2019,2022,37.938,-121.9761,119.5,"America/Los_Angeles",16,419,"GRA","Csa",12,"Clay",0.482,40.5,0.165,31.63,"2015-01-01","2015-12-31",364,2,0.186277414374364,5.54516431972311
"21","US-Cop",-109.39,38.09,"55372",194799,100,"R",86.2546052632,8.01842105263,5.72697368421,21,"Corral Pocket","CCBY4.0",2001,2007,38.09,-109.39,1520,"America/Denver",NA,NA,"GRA",NA,3,"Sandy loam",0.435,21.8,0.378,11.01,"2015-02-26","2015-10-28",244,0,0.0390237903594958,2.80857433599596
"22","US-CRT",-83.3471,41.6285,"169850",121823,100,"R",4.88909090909,47.0048484848,48.1060606061,22,"Curtice Walter-Berger cropland","CCBY4.0",2011,2013,41.6285,-83.3471,180,"America/New_York",10.1,849,"CRO","Dfa",11,"Silty clay",0.492,49,0.15,29.22,"2015-05-01","2015-09-14",136,0,0.921758946840764,0.188054426320332
"23","US-CS1",-89.5379,44.1031,"423983",69980,100,"R",84.0486842105,9.45131578947,6.5,23,"Central Sands Irrigated Agricultural Field","CCBY4.0",2018,2019,44.1031,-89.5379,328,"America/Chicago",7,830,"CRO","Dfa",1,"Sand",0.395,12.1,0.694,4.95,"2015-06-22","2015-08-13",52,0,0.962969391464231,1.11938965906324
"24","US-CS2",-89.5002,44.1467,"423983",69980,100,"R",84.0486842105,9.45131578947,6.5,24,"Tri county school Pine Forest","CCBY4.0",2018,2022,44.1467,-89.5002,328,"America/Chicago",7,830,"ENF","Dfa",2,"Loamy sand",0.41,9,0.553,6.13,"2015-05-25","2015-09-26",124,17.4200000000375,0.916903246070849,1.20607283235963
"25","US-CS3",-89.5727,44.1394,"423980",69977,100,"R",96.3223684211,1.5,2.17763157895,25,"Central Sands Irrigated Agricultural Field","CCBY4.0",2019,2020,44.1394,-89.5727,328,"America/Chicago",7,830,"CRO","Dfa",2,"Loamy sand",0.41,9,0.553,6.13,"2015-06-14","2015-09-02",80,0,0.901355607142446,0.970552333960187
"26","US-CS4",-89.5475,44.1597,"423980",69977,100,"R",96.3223684211,1.5,2.17763157895,26,"Central Sands Irrigated Agricultural Field","CCBY4.0",2020,2021,44.1597,-89.5475,328,"America/Chicago",7,830,"CRO","Dfa",2,"Loamy sand",0.41,9,0.553,6.13,"2015-06-14","2015-09-02",80,0,0.8900703369081,1.07350090952458
"27","US-CS5",-89.5377,44.1095,"423975",69972,100,"R",95.4098684211,1.45197368421,3.13815789474,27,"Central Sands Irrigated Agricultural Field","CCBY4.0",2021,2021,44.1095,-89.5377,328,"America/Chicago",7,830,"CRO","Dfa",1,"Sand",0.395,12.1,0.694,4.95,"2015-06-11","2015-09-03",84,0,0.94976716226577,1.1025194533844
"28","US-CS6",-89.544,44.4297,"426515",64511,100,"R",94.7,2.39210526316,2.90789473684,28,"Central Sands Irrigated Agricultural Field","CCBY4.0",2022,2023,44.4297,-89.544,328,"America/Chicago",7,830,"CRO","Dfa",2,"Loamy sand",0.41,9,0.553,6.13,"2015-06-22","2015-09-10",80,0,0.79911445740223,1.320536257357
"29","US-CS8",-89.5364,44.4338,"426550",64546,100,"R",85.6605263158,8.37894736842,5.96052631579,29,"Central Sands Irrigated Agricultural Field","CCBY4.0",2023,2023,44.4338,-89.5364,328,"America/Chicago",7,830,"CRO","Dfa",2,"Loamy sand",0.41,9,0.553,6.13,"2015-05-09","2015-09-18",132,0,0.808876136859899,1.32508942338451
"30","US-Cst",-91.9204,33.0442,"565080",271409,100,"R",9.34808743169,68.2967213115,22.3551912568,30,"Crossett Experimental Forest","CCBY4.0",2013,2017,33.0442,-91.9204,50,"America/Chicago",17.4,1410,"ENF","Cfa",4,"Silt loam",0.485,78.6,0.234,16.68,"2015-04-15","2015-09-26",164,20.3399999999977,0.961785025985714,1.8883551332176
"31","US-DFC",-89.7117,43.3448,"423177",82785,100,"R",49.3131578947,29.4631578947,21.2236842105,31,"US Dairy Forage Research Center, Prairie du Sac","CCBY4.0",2018,2024,43.3448,-89.7117,264.9,"America/Chicago",7.65,787,"CRO","Dfb",4,"Silt loam",0.485,78.6,0.234,16.68,"2015-05-09","2015-09-18",132,0,0.990852271460535,2.54260474282789
"32","US-DS3",-121.549,38.1235,"462117",204199,100,"R",46.4796052632,23.0927631579,30.4276315789,32,"Staten Rice 1","CCBY4.0",2021,2025,38.1235,-121.549,-7,"America/Los_Angeles",16,432,"CRO","Csa",9,"Clay loam",0.476,63,0.242,20.88,"2015-06-18","2015-09-18",92,0,0.38815728027821,1.99142041990653
"33","US-Fmf",-111.7273,35.1426,"1864255",248334,100,"R",43.8932682905042,34.7105740453942,21.3961576640965,33,"Flagstaff - Managed Forest","CCBY4.0",2005,2010,35.1426,-111.7273,2160,"America/Phoenix",9.5,546,"ENF","Csb",6,"Loam",0.451,47.8,0.252,8.89,"2015-03-26","2015-11-17",236,15.7700000000333,0.246361005680078,2.78779392603364
"34","US-Fuf",-111.762,35.089,"1864255",248334,100,"R",43.8932682905042,34.7105740453942,21.3961576640965,34,"Flagstaff - Unmanaged Forest","CCBY4.0",2005,2010,35.089,-111.762,2180,"America/Phoenix",8.7,562,"ENF","Csb",6,"Loam",0.451,47.8,0.252,8.89,"2015-03-30","2015-10-24",208,9.24999999997868,0.228305158710469,2.77739872476534
"35","US-Fwf",-111.7718,35.4454,"1864255",248334,100,"R",43.8932682905042,34.7105740453942,21.3961576640965,35,"Flagstaff - Wildfire","CCBY4.0",2005,2010,35.4454,-111.7718,2270,"America/Phoenix",8.4,557,"GRA","Csb",6,"Loam",0.451,47.8,0.252,8.89,"2015-05-05","2015-10-16",164,0,0.170558624427801,3.82877517077756
"36","US-GLE",-106.2399,41.3665,NA,NA,NA,NA,59.2065850044292,26.2095552727804,14.5838597227933,36,"GLEES","CCBY4.0",1999,2020,41.3665,-106.2399,3197,"America/Denver",0.8,1200,"ENF","Dfc",3,"Sandy loam",0.435,21.8,0.378,11.01,"2015-06-10","2015-09-22",104,14.9499999999545,0.322544588308314,1.1012949826339
"37","US-Ha1",-72.1715,42.5378,"278708",103721,100,"R",69.9809348807,24.1991102515,5.81995486783,37,"Harvard Forest EMS Tower (HFR1)","CCBY4.0",1991,2024,42.5378,-72.1715,340,"America/New_York",6.62,1071,"DBF","Dfb",3,"Sandy loam",0.435,21.8,0.378,11.01,"2015-05-13","2015-10-12",152,22.3500000000114,1.42754551662445,2.43537935157772
"38","US-HB2",-79.244,33.3242,"639570",269765,100,"R",94.8993939394,1.11878787879,3.98181818182,38,"Hobcaw Barony Mature Longleaf Pine","CCBY4.0",2019,2019,33.3242,-79.244,4.7,"America/New_York",18.3,1429,"ENF","Cfa",1,"Sand",0.395,12.1,0.694,4.95,"2015-02-06","2015-10-20",256,18.0000000000796,1.11562943458557,0.820688635109182
"39","US-HB3",-79.2322,33.3482,"639588",269783,100,"R",94.9985221675,0.6,4.40147783251,39,"Hobcaw Barony Longleaf Pine Restoration","CCBY4.0",2019,2022,33.3482,-79.2322,7.3,"America/New_York",18.3,1429,"ENF","Cfa",1,"Sand",0.395,12.1,0.694,4.95,"2015-03-22","2015-10-28",220,0,1.04791919018553,0.841605872063911
"40","US-Hn2",-119.4641,46.6889,NA,NA,NA,NA,86.8720743840944,6.58975872251944,6.53816689340056,40,"Hanford 100H grassland","CCBY4.0",2015,2018,46.6889,-119.4641,117.5,"America/Los_Angeles",12.8,197,"GRA","Bsk",1,"Sand",0.395,12.1,0.694,4.95,"2015-02-22","2015-09-26",216,0,0.27306129655433,7.76010222892335
"41","US-Hn3",-119.4614,46.6878,NA,NA,NA,NA,86.8720743840944,6.58975872251944,6.53816689340056,41,"Hanford 100H sagebrush","CCBY4.0",2017,2018,46.6878,-119.4614,120.9,"America/Los_Angeles",12.8,197,"OSH","Bsk",1,"Sand",0.395,12.1,0.694,4.95,"2015-02-18","2015-09-30",224,0,0.272499726692197,7.79143964430843
"42","US-Ho1",-68.7402,45.2041,"285250",47734,86,"U",64.5739393939,28.8078787879,6.61818181818,42,"Howland Forest (main tower)","CCBY4.0",1996,2024,45.2041,-68.7402,60,"America/New_York",5.27,1070,"ENF","Dfb",3,"Sandy loam",0.435,21.8,0.378,11.01,"2015-04-07","2015-10-08",184,14.1000000000313,1.72304316437149,1.18468802815328
"43","US-Ho2",-68.747,45.2091,"285235",47719,88,"U",29.8927272727,55.4155371901,14.6917355372,43,"Howland Forest (west tower)","CCBY4.0",1999,2024,45.2091,-68.747,61,"America/New_York",5.13,1064,"ENF","Dfb",3,"Sandy loam",0.435,21.8,0.378,11.01,"2015-04-07","2015-10-04",180,16,1.7279049140358,1.18787693717586
"44","US-HWB",-77.8488,40.8608,"538293",136597,100,"R",11.9060008388,49.0918767865,39.0021223747,44,"USDA ARS Pasture Sytems and Watershed Management Research Unit- Hawbecker Site","CCBY4.0",2015,2018,40.8608,-77.8488,378,"America/New_York",10.1,1006.35,"CVM","Dfb",6,"Loam",0.451,47.8,0.252,8.89,"2015-04-23","2015-10-08",168,0,1.13832104027367,3.64109703518362
"45","US-Jo1",-106.635,32.582,NA,NA,NA,NA,17.3022095688425,49.2253741179825,33.4724163131775,45,"Jornada Experimental Range Bajada Site","CCBY4.0",2010,2022,32.582,-106.635,1188,"America/Denver",14.7,245.1,"OSH","Bwk",8,"Silty clay loam",0.477,35.6,0.177,27.3,"2015-02-02","2015-11-17",288,0,0.0549772686958309,3.89726351496027
"46","US-Jo2",-106.6032,32.5849,NA,NA,NA,NA,17.3022095688425,49.2253741179825,33.4724163131775,46,"Jornada Experimental Range Mixed Shrubland","CCBY4.0",2010,2020,32.5849,-106.6032,1469,"America/Denver",17.5,282.3,"OSH","Bwk",8,"Silty clay loam",0.477,35.6,0.177,27.3,"2015-02-02","2015-11-17",288,0,0.0602319413490296,3.43204795303307
"47","US-KFS",-95.1907,39.0561,"1480051",177915,90,"U",2.075,60.215,37.71,47,"Kansas Field Station","CCBY4.0",2007,2019,39.0561,-95.1907,310,"America/Chicago",12,1014,"GRA","Cfa",8,"Silty clay loam",0.477,35.6,0.177,27.3,"2015-04-23","2015-10-08",168,0,0.766481560557602,3.46576947631107
"48","US-KLS",-97.5684,38.7745,"1382189",186786,99,"R",9.21710526316,66.0197368421,24.7631578947,48,"Kansas Land Institute","CCBY4.0",2012,2019,38.7745,-97.5684,373,"America/Chicago",12,812,"GRA","Cfa",8,"Silty clay loam",0.477,35.6,0.177,27.3,"2015-04-15","2015-10-12",180,0,0.496330441275827,4.36958131558269
"49","US-Kon",-96.5603,39.0824,"1472309",175817,85,"U",8.73494270435,48.6282352941,42.6368220015,49,"Konza Prairie LTER (KNZ)","CCBY4.0",2004,2019,39.0824,-96.5603,417,"America/Chicago",12.77,867,"GRA","Cfa",8,"Silty clay loam",0.477,35.6,0.177,27.3,"2015-05-13","2015-09-10",120,0,0.631179802508832,5.81837286153369
"50","US-KS1",-80.6709,28.4583,"1473314",294794,100,"R",93.1547650638,3.25180466019,3.59343027596,50,"Kennedy Space Center (slash pine)","CCBY4.0",2002,2003,28.4583,-80.6709,1,"America/New_York",21.9,1266,"ENF","Cwa",1,"Sand",0.395,12.1,0.694,4.95,"2015-01-01","2015-12-31",364,0,0.773718126297,0.45026136588725
"51","US-KS2",-80.6715,28.6086,"1473335",294815,100,"R",97.6982235222,1.15088823892,1.15088823892,51,"Kennedy Space Center (scrub oak)","CCBY4.0",1999,2006,28.6086,-80.6715,3,"America/New_York",21.66,1294,"CSH","Cwa",1,"Sand",0.395,12.1,0.694,4.95,"2015-03-18","2015-11-17",244,4,0.795966036343572,0.592963162002476
"52","US-Lin",-119.0922,36.3566,"463619",233833,96,"R",44.0765625,30.65,25.2734375,52,"Lindcove Orange Orchard","CCBY4.0",2009,2010,36.3566,-119.0922,131,"America/Los_Angeles",NA,NA,"CRO",NA,12,"Clay",0.482,40.5,0.165,31.63,"2015-01-17","2015-12-31",348,2.90999999997186,0.205552965087904,12.5604216373181
"53","US-LS2",-110.1344,31.5659,"54996",282778,80,"U",41.0648026316,36.3217105263,22.6134868421,53,"San Pedro River Lewis Springs Savanna","CCBY4.0",2002,2007,31.5659,-110.1344,1240,"America/Phoenix",17,288,"SAV","Bwh",6,"Loam",0.451,47.8,0.252,8.89,"2015-05-05","2015-10-28",176,0,0.162240719525336,2.06241223215509
"54","US-Me1",-121.5,44.5794,"63918",69493,85,"U",44.6696832455,36.2469559728,19.0833607817,54,"Metolius - Eyerly burn","CCBY4.0",2004,2005,44.5794,-121.5,896,"America/Los_Angeles",7.88,704.61,"ENF","Csb",3,"Sandy loam",0.435,21.8,0.378,11.01,"2015-03-10","2015-10-08",212,0,0.490672507405287,2.7503090784646
"55","US-Me2",-121.5589,44.4526,"63925",69497,90,"U",42.7534296453,34.7872093023,22.4593610524,55,"Metolius mature ponderosa pine","CCBY4.0",2002,2024,44.4526,-121.5589,1253,"America/Los_Angeles",6.28,523,"ENF","Csb",3,"Sandy loam",0.435,21.8,0.378,11.01,"2015-04-15","2015-12-03",232,14.989999999994,0.658559786942481,2.2616153911845
"56","US-Me3",-121.6078,44.3154,NA,NA,NA,NA,59.2065850044292,26.2095552727804,14.5838597227933,56,"Metolius-second young aged pine","CCBY4.0",2004,2009,44.3154,-121.6078,1005,"America/Los_Angeles",7.07,719,"ENF","Csb",3,"Sandy loam",0.435,21.8,0.378,11.01,"2015-01-09","2015-12-11",336,7.26999999994628,0.654276044960027,1.72565839455346
"57","US-Me6",-121.6078,44.3233,NA,NA,NA,NA,59.2065850044292,26.2095552727804,14.5838597227933,57,"Metolius Young Pine Burn","CCBY4.0",2010,2024,44.3233,-121.6078,998,"America/Los_Angeles",7.59,494,"ENF","Csb",3,"Sandy loam",0.435,21.8,0.378,11.01,"2015-03-14","2015-10-12",212,9.70000000006821,0.654494637598996,1.72593517526907
"58","US-MMS",-86.4131,39.3232,"535517",178377,100,"R",5.66502463054,56.4137931034,37.921182266,58,"Morgan Monroe State Forest","CCBY4.0",1999,2025,39.3232,-86.4131,275,"America/Indiana/Indianapolis",10.85,1032,"DBF","Cfa",4,"Silt loam",0.485,78.6,0.234,16.68,"2015-04-23","2015-10-16",176,25.94000000005,1.29833911780644,4.3677985217912
"59","US-Mo1",-92.1167,39.2298,"184838",184814,90,"U",3.37631578947,59.1032894737,37.5203947368,59,"LTAR CMRB Field 1 (CMRB ASP)","CCBY4.0",2015,2024,39.2298,-92.1167,260,"America/Chicago",12,981,"CRO","Cfa",4,"Silt loam",0.485,78.6,0.234,16.68,"2015-06-18","2015-09-18",92,0,0.867068199238779,2.23069955774503
"60","US-Mo2",-91.9945,38.9488,"2532764",186836,100,"R",6.30055751909,56.3378460365,37.3615964444,60,"LTAR CMRB Tucker Prairie (CMRB TP)","CCBY4.0",2018,2024,38.9488,-91.9945,275,"America/Chicago",12,981,"GRA","Cfa",4,"Silt loam",0.485,78.6,0.234,16.68,"2015-04-23","2015-09-26",156,0,0.880028634860496,2.56782536626118
"61","US-Mo3",-92.1493,39.2322,"2532763",184834,100,"R",6.30055751909,56.3378460365,37.3615964444,61,"LTAR CMRB Field 3 (CMRB BAU)","CCBY4.0",2016,2023,39.2322,-92.1493,261,"America/Chicago",12,981,"CRO","Cfa",6,"Loam",0.451,47.8,0.252,8.89,"2015-06-14","2015-09-18",96,0,0.856388035580637,2.23372608961311
"62","US-MOz",-92.2,38.7441,"184913",184822,85,"U",8.23020495199,56.1228041344,35.6469909137,62,"Missouri Ozark Site","CCBY4.0",2004,2021,38.7441,-92.2,219.4,"America/Chicago",12.11,986,"DBF","Cfa",4,"Silt loam",0.485,78.6,0.234,16.68,"2015-04-27","2015-10-04",160,16.4000000000114,1.0217573660612,3.10088896359097
"63","US-Mpj",-106.2377,34.4385,"1473972",256546,90,"U",59.2065850044292,26.2095552727804,14.5838597227933,63,"Mountainair Pinyon-Juniper Woodland","CCBY4.0",2008,2024,34.4385,-106.2377,2196,"America/Denver",10.5,385,"WSA","Bsk",3,"Sandy loam",0.435,21.8,0.378,11.01,"2015-03-10","2015-10-20",224,0,0.0752409769749626,3.68144102659482
"64","US-NC1",-76.7119,35.8118,"116202",239191,90,"U",56.0807881773,19.6285714286,24.2906403941,64,"NC_Clearcut","CCBY4.0",2005,2012,35.8118,-76.7119,5,"America/New_York",16.6,1320,"ENF","Cfa",6,"Loam",0.451,47.8,0.252,8.89,"2015-04-19","2015-10-24",188,18.3000000000171,1.12055004642105,0.676395974461291
"65","US-NC3",-76.656,35.799,"116200",239189,90,"U",63.3415982485,21.9183908046,14.7400109469,65,"NC_Clearcut#3","CCBY4.0",2013,2021,35.799,-76.656,5,"America/New_York",16.6,1320,"ENF","Cfa",6,"Loam",0.451,47.8,0.252,8.89,"2015-04-15","2015-10-20",188,20.4999999999289,1.09264218730928,0.455606417279529
"66","US-Ne1",-96.4766,41.1651,"1691452",131088,100,"R",8.57006896552,62.1909162562,29.2390147783,66,"Mead - irrigated continuous maize site","CCBY4.0",2001,2024,41.1651,-96.4766,361,"America/Chicago",10.07,790.37,"CRO","Dfa",8,"Silty clay loam",0.477,35.6,0.177,27.3,"2015-06-10","2015-09-10",92,0,0.641956292886744,2.52466712875446
"67","US-NR1",-105.5464,40.0329,"762986",152903,85,"U",65.9407894737,28.375,5.68421052632,67,"Niwot Ridge Forest (LTER NWT1)","CCBY4.0",1998,2024,40.0329,-105.5464,3050,"America/Denver",1.5,800,"ENF","Dfc",3,"Sandy loam",0.435,21.8,0.378,11.01,"2015-05-25","2015-10-12",140,17.9900000001069,0.378306364977814,0.876379558135881
"68","US-Oho",-83.8438,41.5545,"169861",121834,100,"R",92.2611702128,1.3,6.43882978723,68,"Oak Openings","CCBY4.0",2004,2013,41.5545,-83.8438,230,"America/New_York",10.1,849,"DBF","Dfa",1,"Sand",0.395,12.1,0.694,4.95,"2015-05-09","2015-10-08",152,24,1.18601380954743,0.355245656105326
"69","US-ONA",-81.9509,27.3836,"1384397",295385,100,"R",95.0919221789,2.05605783412,2.85201998696,69,"Florida pine flatwoods","CCBY4.0",2016,2022,27.3836,-81.9509,25,"America/New_York",22.3,1268,"GRA","Cfa",1,"Sand",0.395,12.1,0.694,4.95,"2015-02-22","2015-11-29",280,0,0.810036856962202,0.564383128774565
"70","US-PFb",-90.3232,45.972,"627586",43783,100,"R",68.2361842105,21.4381578947,10.3256578947,70,"NW1 Pine-1 CHEESEHEAD 2019","CCBY4.0",2019,2019,45.972,-90.3232,474,"America/Chicago",4.33,823,"ENF","Dfb",4,"Silt loam",0.485,78.6,0.234,16.68,"2015-05-25","2015-09-14",112,14.6999999999744,1.2613072637462,2.32297323079964
"71","US-PFc",-90.3088,45.9677,"627560",43770,100,"R",71.4459249813,24.4676339011,4.08644111762,71,"NW2 Aspen-1 CHEESEHEAD 2019","CCBY4.0",2019,2019,45.9677,-90.3088,473,"America/Chicago",4.33,823,"DBF","Dfb",4,"Silt loam",0.485,78.6,0.234,16.68,"2015-05-25","2015-09-10",108,15.7900000000443,1.32197869309514,2.29203207439897
"72","US-PFk",-90.3425,45.9149,"884268",43810,100,"R",71.4459249813,24.4676339011,4.08644111762,72,"SW1 Aspen-2 CHEESEHEAD 2019","CCBY4.0",2019,2019,45.9149,-90.3425,476,"America/Chicago",4.33,823,"DBF","Dfb",4,"Silt loam",0.485,78.6,0.234,16.68,"2015-05-25","2015-09-14",112,14.4000000001904,1.3286675810933,2.3362344138198
"73","US-PFL",-90.3177,45.9409,"1395728",43690,100,"R",89.2589476925,7.54732175266,3.19373055484,73,"SW2 Aspen-3 CHEESEHEAD 2019","CCBY4.0",2019,2019,45.9409,-90.3177,464,"America/Chicago",4.33,823,"DBF","Dfb",4,"Silt loam",0.485,78.6,0.234,16.68,"2015-05-29","2015-09-10",104,19.1500000001705,1.36824735055015,2.30430858540813
"74","US-PFm",-90.3099,45.9207,"884268",43810,100,"R",71.4459249813,24.4676339011,4.08644111762,74,"SW3 Hardwood-2 CHEESEHEAD 2019","CCBY4.0",2019,2019,45.9207,-90.3099,484,"America/Chicago",4.33,823,"DBF","Dfb",4,"Silt loam",0.485,78.6,0.234,16.68,"2015-05-25","2015-09-22",120,16.8300000000878,1.39408210121346,2.28735393488423
"75","US-PFn",-90.2823,45.9392,"627561",43771,100,"R",71.4459249813,24.4676339011,4.08644111762,75,"SW4 Hardwood-3 CHEESEHEAD 2019","CCBY4.0",2019,2019,45.9392,-90.2823,478,"America/Chicago",4.33,823,"DBF","Dfb",4,"Silt loam",0.485,78.6,0.234,16.68,"2015-05-25","2015-09-10",108,16.8199999999909,1.39968139575099,2.24114135864928
"76","US-PFp",-90.2641,45.9365,"1395739",43697,100,"R",65.2916398063,27.7605078751,6.94785231859,76,"SE2 Hardwood-4 CHEESEHEAD 2019","CCBY4.0",2019,2019,45.9365,-90.2641,497,"America/Chicago",4.33,823,"DBF","Dfb",4,"Silt loam",0.485,78.6,0.234,16.68,"2015-05-25","2015-09-10",108,16.5499999999858,1.43536370071171,2.20972593385516
"77","US-PFq",-90.2475,45.9271,"1395721",43688,100,"R",82.6572279297,9.64240990407,7.70036216619,77,"SE3 Aspen-4 CHEESEHEAD 2019","CCBY4.0",2019,2019,45.9271,-90.2475,473,"America/Chicago",4.33,823,"DBF","Dfb",2,"Loamy sand",0.41,9,0.553,6.13,"2015-05-25","2015-09-06",104,20.0000000001023,1.4819582905173,2.18533419716215
"78","US-PFt",-90.2288,45.9197,"1395729",43691,100,"R",88.9768285278,7.8112072377,3.21196423454,78,"SE6 Pine-4 CHEESEHEAD 2019","CCBY4.0",2019,2019,45.9197,-90.2288,466,"America/Chicago",4.33,823,"ENF","Dfb",2,"Loamy sand",0.41,9,0.553,6.13,"2015-05-25","2015-09-14",112,14.109999999952,1.50684251836869,2.15950238258412
"79","US-PSH",-119.9247,36.2347,"461800",234940,97,"R",46.4796052632,23.0927631579,30.4276315789,79,"USSL San Joaquin Valley Pistachio High","CCBY4.0",2016,2017,36.2347,-119.9247,70,"America/Los_Angeles",15.6,191,"DBF","Bsk",9,"Clay loam",0.476,63,0.242,20.88,"2015-01-25","2015-10-20",268,0,0.105331282948496,5.67046515366266
"80","US-PSL",-120.1397,36.8276,"463390",220550,100,"R",65.2309090473,19.7644568767,15.0046340761,80,"USSL San Joaquin Valley Pistachio Low","CCBY4.0",2016,2017,36.8276,-120.1397,65,"America/Los_Angeles",16.7,311,"DBF","Bsk",3,"Sandy loam",0.435,21.8,0.378,11.01,"2015-02-26","2015-11-09",256,0,0.330669642496827,17.9287228427482
"81","US-RGA",-91.6733,34.4159,"579289",260658,100,"R",21.9005464481,54.3289617486,23.7704918033,81,"Arkansas Corn Farm","CCBY4.0",2021,2025,34.4159,-91.6733,61,"America/Chicago",16.7,1250,"CRO","Csa",12,"Clay",0.482,40.5,0.165,31.63,"2015-06-02","2015-09-18",108,0,0.602598023883577,0.408933603470432
"82","US-RGB",-121.8579,39.5782,"461191",164627,100,"R",22.7839222352,37.9774572745,39.2386204903,82,"Butte County Rice Farm","CCBY4.0",2021,2024,39.5782,-121.8579,33,"America/Los_Angeles",16,737,"CRO","Csa",12,"Clay",0.482,40.5,0.165,31.63,"2015-06-14","2015-09-10",88,0,0.47663573447753,1.21258075440539
"83","US-RGF",-121.1369,37.6995,"462573",209848,100,"R",48.4684210526,38.025,13.5065789474,83,"Stanislaus County Forage Farm","CCBY4.0",2023,2025,37.6995,-121.1369,16,"America/Los_Angeles",17.2,31,"CRO","Csa",3,"Sandy loam",0.435,21.8,0.378,11.01,"2015-01-01","2015-12-31",364,0,0.380114775618902,7.74409977341903
"84","US-RGo",-122.0026,39.6805,"2766097",166763,100,"R",9.59144736842,57.1717105263,33.2368421053,84,"Glenn County Organic Rice Farm","CCBY4.0",2021,2025,39.6805,-122.0026,40,"America/Los_Angeles",16,610,"CRO","Csa",6,"Loam",0.451,47.8,0.252,8.89,"2015-02-26","2015-10-04",220,0,0.464689902956483,2.17862879709057
"85","US-RGW",-91.4306,33.6216,"564199",265111,100,"R",1.8,28.9389162562,69.2610837438,85,"Desha County Rice Farm","CCBY4.0",2022,2024,33.6216,-91.4306,41,"America/Chicago",16.7,1283,"CRO","Csa",12,"Clay",0.482,40.5,0.165,31.63,"2015-06-06","2015-08-21",76,0,0.60800343254471,1.17264243616591
"86","US-Rls",-116.7356,43.1439,"486088",95423,75,"U",34.5588961467,33.7554503506,31.6856535027,86,"RCEW Low Sagebrush","CCBY4.0",2014,2023,43.1439,-116.7356,1608,"America/Boise",8.4,333,"CSH","Bsh",6,"Loam",0.451,47.8,0.252,8.89,"2015-04-03","2015-08-01",120,0,0.0646507656560046,3.38970609860791
"87","US-Rms",-116.7486,43.0645,"485930",95502,82,"U",38.9136874198,36.6000053487,24.4863072315,87,"RCEW Mountain Big Sagebrush","CCBY4.0",2014,2023,43.0645,-116.7486,2111,"America/Boise",5.4,800,"CSH","Bsh",6,"Loam",0.451,47.8,0.252,8.89,"2015-05-17","2015-09-02",108,4.54999999998579,0.225516756415367,3.4433375143921
"88","US-Ro1",-93.0898,44.7143,"396811",60770,100,"R",9.16842105263,65.8578947368,24.9736842105,88,"Rosemount- G21","CCBY4.0",2004,2016,44.7143,-93.0898,290,"America/Chicago",6.4,879,"CRO","Dfa",4,"Silt loam",0.485,78.6,0.234,16.68,"2015-06-06","2015-09-18",104,0,0.788501466359115,0.786248755877599
"89","US-Ro2",-93.0888,44.7288,"396855",60814,100,"R",54.7131578947,32.5861842105,12.7006578947,89,"Rosemount- C7","CCBY4.0",2008,2016,44.7288,-93.0888,292,"America/Chicago",6.4,879,"CRO","Dfa",4,"Silt loam",0.485,78.6,0.234,16.68,"2015-05-13","2015-09-18",128,0,0.76697487460136,0.767419784244351
"90","US-Ro3",-93.0893,44.7217,"396855",60814,100,"R",54.7131578947,32.5861842105,12.7006578947,90,"Rosemount- G19","CCBY4.0",2004,2007,44.7217,-93.0893,260,"America/Chicago",6.4,879,"CRO","Dfa",4,"Silt loam",0.485,78.6,0.234,16.68,"2015-05-29","2015-09-18",112,0,0.769259389739977,0.776606128078761
"91","US-Ro4",-93.0723,44.6781,"396778",60737,100,"R",68.9,16.3960526316,14.7039473684,91,"Rosemount Prairie","CCBY4.0",2014,2024,44.6781,-93.0723,274,"America/Chicago",6.4,879,"GRA","Dfa",4,"Silt loam",0.485,78.6,0.234,16.68,"2015-06-02","2015-09-10",100,0,0.912323882614601,0.877241116469858
"92","US-Ro5",-93.0576,44.691,"396855",60814,100,"R",54.7131578947,32.5861842105,12.7006578947,92,"Rosemount I18_South","CCBY4.0",2017,2024,44.691,-93.0576,283,"America/Chicago",6.4,879,"CRO","Dfa",4,"Silt loam",0.485,78.6,0.234,16.68,"2015-05-17","2015-09-14",120,0,0.87168336265562,0.891615592669451
"93","US-Ro6",-93.0578,44.6946,"396855",60814,100,"R",54.7131578947,32.5861842105,12.7006578947,93,"Rosemount I18_North","CCBY4.0",2017,2024,44.6946,-93.0578,282,"America/Chicago",6.4,879,"CRO","Dfa",4,"Silt loam",0.485,78.6,0.234,16.68,"2015-05-17","2015-09-18",124,0,0.860265192245469,0.886226892488382
"94","US-Rwe",-116.7591,43.0653,"485930",95502,82,"U",38.9136874198,36.6000053487,24.4863072315,94,"RCEW Reynolds Mountain East","CCBY4.0",2003,2007,43.0653,-116.7591,2098,"America/Boise",5.4,800,"CSH","Bsh",6,"Loam",0.451,47.8,0.252,8.89,"2015-05-17","2015-09-02",108,0,0.220145568054913,3.46164585314578
"95","US-Rwf",-116.7231,43.1207,"485925",95504,75,"U",35.9721311475,38.9090163934,25.118852459,95,"RCEW Upper Sheep Prescibed Fire","CCBY4.0",2014,2023,43.1207,-116.7231,1878,"America/Boise",6.5,505,"CSH","Bsh",6,"Loam",0.451,47.8,0.252,8.89,"2015-04-27","2015-08-29",124,0,0.0630704524431229,3.39801653207343
"96","US-Rws",-116.7132,43.1675,"486131",95401,75,"U",36.4308914729,34.5040891473,29.0650193798,96,"Reynolds Creek Wyoming big sagebrush","CCBY4.0",2014,2023,43.1675,-116.7132,1425,"America/Boise",8.9,290,"OSH","Bsk",6,"Loam",0.451,47.8,0.252,8.89,"2015-03-10","2015-08-13",156,0,0.0545070754766487,3.30070121509234
"97","US-Seg",-106.702,34.3623,"57145",262853,90,"U",57.2052631579,17.2421052632,25.5526315789,97,"Sevilleta grassland","CCBY4.0",2007,2024,34.3623,-106.702,1596,"America/Denver",13.667,273.304,"GRA","Bsk",1,"Sand",0.395,12.1,0.694,4.95,"2015-02-18","2015-10-28",252,0,0.0410730971789354,2.9053271657931
"98","US-Ses",-106.7442,34.3349,"57162",262870,80,"U",70.4640625,21.6165296053,7.91940789474,98,"Sevilleta shrubland","CCBY4.0",2007,2024,34.3349,-106.7442,1604,"America/Denver",13.722,275.082,"OSH","Bsk",1,"Sand",0.395,12.1,0.694,4.95,"2015-02-06","2015-11-09",276,0,0.0338564606657021,2.78375415544948
"99","US-Sne",-121.7547,38.0369,"461899",193985,100,"R",19.3307692308,30.6692307692,50,99,"Sherman Island Restored Wetland","CCBY4.0",2016,2020,38.0369,-121.7547,-5,"America/Los_Angeles",16.09,311,"GRA","Csa",12,"Clay",0.482,40.5,0.165,31.63,"2015-02-18","2015-05-13",84,0.300000000008527,0.298635897111297,4.94120207771821
"100","US-Snf",-121.7272,38.0402,"461899",193985,100,"R",19.3307692308,30.6692307692,50,100,"Sherman Barn","CCBY4.0",2018,2020,38.0402,-121.7272,-4,"America/Los_Angeles",NA,NA,"GRA","Csa",12,"Clay",0.482,40.5,0.165,31.63,"2015-02-18","2015-05-13",84,0,0.313888240308762,4.54927995490921
"101","US-SP1",-82.2188,29.7381,"320671",292084,100,"R",78.588310069,8.86315133577,12.5485385953,101,"Slashpine-Austin Cary- 65yrs nat regen","CCBY4.0",2000,2020,29.7381,-82.2188,50,"America/New_York",20.06,1309.77,"ENF","Cfa",1,"Sand",0.395,12.1,0.694,4.95,"2015-03-02","2015-11-13",256,18.0300000000665,0.879666215178497,1.49627938227603
"102","US-SRC",-110.8395,31.9083,"1416069",282660,0,"ND",43.8932682905042,34.7105740453942,21.3961576640965,102,"Santa Rita Creosote","CCBY4.0",2008,2014,31.9083,-110.8395,950,"America/Phoenix",22,330,"OSH","Bwh",6,"Loam",0.451,47.8,0.252,8.89,"2015-03-26","2015-10-20",208,0,0.127912785890101,2.6086052464768
"103","US-SRG",-110.8277,31.7894,"801772",282721,0,"ND",43.8932682905042,34.7105740453942,21.3961576640965,103,"Santa Rita Grassland","CCBY4.0",2008,2024,31.7894,-110.8277,1291,"America/Phoenix",17,420,"GRA","Bsk",6,"Loam",0.451,47.8,0.252,8.89,"2015-05-05","2015-10-20",168,0,0.23486544032955,2.59180533271165
"104","US-SRM",-110.8661,31.8214,"801772",282721,0,"ND",43.8932682905042,34.7105740453942,21.3961576640965,104,"Santa Rita Mesquite","CCBY4.0",2004,2024,31.8214,-110.8661,1120,"America/Phoenix",17.92,380,"WSA","Bsk",6,"Loam",0.451,47.8,0.252,8.89,"2015-04-23","2015-10-20",180,0,0.204310817572589,2.57120742870931
"105","US-SRS",-110.8508,31.8173,"1424987",282678,0,"ND",43.8932682905042,34.7105740453942,21.3961576640965,105,"Santa Rita Savanna","CCBY4.0",2011,2018,31.8173,-110.8508,1169,"America/Phoenix",19.4,388,"WSA","Bsk",6,"Loam",0.451,47.8,0.252,8.89,"2015-04-19","2015-10-28",192,0,0.209811206840989,2.60063940371766
"106","US-SSH",-77.9041,40.6658,"541954",152091,90,"U",37.3040621175,46.1788020196,16.5171358629,106,"Susquehanna Shale Hills Critical Zone Observatory","CCBY4.0",2016,2021,40.6658,-77.9041,310,"America/New_York",9.5,1050,"DBF","Dfb",6,"Loam",0.451,47.8,0.252,8.89,"2015-05-09","2015-10-04",148,18.7499999999773,1.3992615041008,4.05234604375134
"107","US-Syv",-89.3477,46.242,"1455948",30473,100,"R",79.6023546583,17.5636943447,2.83395099705,107,"Sylvania Wilderness Area","CCBY4.0",2001,2024,46.242,-89.3477,540,"America/Menominee",3.81,826,"MF","Dfb",3,"Sandy loam",0.435,21.8,0.378,11.01,"2015-05-17","2015-09-22",128,22.1500000000469,1.33403981550214,2.69425180362325
"108","US-Ton",-120.966,38.4309,"462328",194112,100,"R",27.1,54.4,18.5,108,"Tonzi Ranch","CCBY4.0",2001,2024,38.4309,-120.966,177,"America/Los_Angeles",15.8,559,"WSA","Csa",4,"Silt loam",0.485,78.6,0.234,16.68,"2015-02-26","2015-06-06",100,4.00000000011369,0.255898698587413,7.22188666675749
"109","US-Tw2",-121.6365,38.0969,"461945",194031,100,"R",21.7,54.8,23.5,109,"Twitchell Corn","CCBY4.0",2012,2013,38.0969,-121.6365,-5,"America/Los_Angeles",15.5,421,"CRO","Csa",12,"Clay",0.482,40.5,0.165,31.63,"2015-02-18","2015-10-04",228,0,0.436000491268637,2.65232747626931
"110","US-Tw3",-121.6469,38.1152,"461966",194052,100,"R",28.4703947368,42.2039473684,29.3256578947,110,"Twitchell Alfalfa","CCBY4.0",2013,2018,38.1152,-121.6469,-4,"America/Los_Angeles",15.6,421,"CRO","Csa",12,"Clay",0.482,40.5,0.165,31.63,"2015-02-02","2015-11-13",284,0,0.437588725100511,2.65038636783782
"111","US-UC1",-78.0056,40.7536,"538284",136588,100,"R",9.82959584213,46.8026289234,43.3677752345,111,"LTAR UCB (Upper Chesapeake Bay) EC1","CCBY4.0",2019,2024,40.7536,-78.0056,390,"America/New_York",10.1,1006.35,"CVM","Dfb",4,"Silt loam",0.485,78.6,0.234,16.68,"2015-05-21","2015-09-26",128,0,1.213024731884,3.43437125816971
"112","US-UC2",-77.9998,40.7559,"538323",136627,100,"R",65.8601004799,18.2717751097,15.8681244104,112,"LTAR UCB (Upper Chesapeake Bay) EC2","CCBY4.0",2019,2024,40.7559,-77.9998,396,"America/New_York",10.1,1006.35,"CVM","Dfb",3,"Sandy loam",0.435,21.8,0.378,11.01,"2015-05-09","2015-10-04",148,0,1.21499617721558,3.45072597259111
"113","US-UMB",-84.7138,45.5598,"190525",47541,100,"R",95.9675155422,2.7262510778,1.30623338005,113,"Univ. of Mich. Biological Station","CCBY4.0",2000,2024,45.5598,-84.7138,234,"America/Detroit",5.83,803,"DBF","Dfb",1,"Sand",0.395,12.1,0.694,4.95,"2015-05-21","2015-10-08",140,22,1.25987557150268,2.67327685605538
"114","US-UMd",-84.6975,45.5625,"190525",47541,100,"R",95.9675155422,2.7262510778,1.30623338005,114,"UMBS Disturbance","CCBY4.0",2007,2025,45.5625,-84.6975,239,"America/Detroit",5.83,803,"DBF","Dfb",1,"Sand",0.395,12.1,0.694,4.95,"2015-05-21","2015-10-08",140,20.7499999998366,1.25207298249007,2.70917811577517
"115","US-UTB",-113.8299,40.7848,"482160",147717,100,"R",4.88909090909,47.0048484848,48.1060606061,115,"UFLUX Bonneville Salt Flats","CCBY4.0",2021,2024,40.7848,-113.8299,1287,"America/Denver",10.6,138.59,"BSV","Bwk",11,"Silty clay",0.492,49,0.15,29.22,"2015-03-10","2015-07-28",140,0,0.0792397196283404,0.50402598604863
"116","US-Var",-120.9508,38.4133,"462324",194108,100,"R",27.1,54.4,18.5,116,"Vaira Ranch- Ione","CCBY4.0",2000,2024,38.4133,-120.9508,129,"America/Los_Angeles",15.8,559,"GRA","Csa",4,"Silt loam",0.485,78.6,0.234,16.68,"2015-02-10","2015-05-25",104,0,0.245688042182926,7.1538423307604
"117","US-Vcm",-106.5321,35.8884,"56472",241506,85,"U",70,23,7,117,"Valles Caldera Mixed Conifer","CCBY4.0",2007,2023,35.8884,-106.5321,3030,"America/Denver",6.4,646,"ENF","Dfb",4,"Silt loam",0.485,78.6,0.234,16.68,"2015-04-23","2015-10-20",180,0,0.277999120320314,2.38207282289514
"118","US-Vcp",-106.5967,35.8642,"56388",241422,100,"R",47.0509539474,34.1279934211,18.8210526316,118,"Valles Caldera Ponderosa Pine","CCBY4.0",2007,2024,35.8642,-106.5967,2500,"America/Denver",9.8,550,"ENF","Dfb",4,"Silt loam",0.485,78.6,0.234,16.68,"2015-03-22","2015-11-17",240,17.0900000000077,0.268793910668369,2.52059949213629
"119","US-Whs",-110.0522,31.7438,"55034",282816,90,"U",55.7312865497,27.0793859649,17.1893274854,119,"Walnut Gulch Lucky Hills Shrub","CCBY4.0",2007,2024,31.7438,-110.0522,1370,"America/Phoenix",17.6,320,"OSH","Bsk",6,"Loam",0.451,47.8,0.252,8.89,"2015-04-03","2015-10-24",204,0,0.156798601741789,1.92339018678201
"120","US-Wi0",-91.0814,46.6188,"433758",26392,100,"R",94.6192118227,2.53349753695,2.84729064039,120,"Young red pine (YRP)","CCBY4.0",2002,2002,46.6188,-91.0814,349,"America/Chicago",NA,NA,"ENF","Dfb",6,"Loam",0.451,47.8,0.252,8.89,"2015-05-20","2015-10-02",135,16,1.35491076150513,3.39187888502725
"121","US-Wi1",-91.2329,46.7305,"433756",26390,100,"R",94.6192118227,2.53349753695,2.84729064039,121,"Intermediate hardwood (IHW)","CCBY4.0",2003,2003,46.7305,-91.2329,352,"America/Chicago",NA,NA,"DBF","Dfb",2,"Loamy sand",0.41,9,0.553,6.13,"2015-05-29","2015-09-30",124,20.5000000000142,1.28389756183385,3.16433146302881
"122","US-Wi3",-91.0987,46.6347,"433320",26328,100,"R",88.5438423645,4.84532019704,6.61083743842,122,"Mature hardwood (MHW)","CCBY4.0",2002,2004,46.6347,-91.0987,411,"America/Chicago",NA,NA,"DBF","Dfb",2,"Loamy sand",0.41,9,0.553,6.13,"2015-05-25","2015-10-04",132,22.4200000000148,1.3648117946763,3.41715949988674
"123","US-Wi4",-91.1663,46.7393,"433756",26390,100,"R",94.6192118227,2.53349753695,2.84729064039,123,"Mature red pine (MRP)","CCBY4.0",2002,2005,46.7393,-91.1663,352,"America/Chicago",NA,NA,"ENF","Dfb",2,"Loamy sand",0.41,9,0.553,6.13,"2015-04-27","2015-10-12",168,17.7899999998747,1.48575722258421,3.20005835169945
"124","US-Wi5",-91.0858,46.6531,"433327",26332,100,"R",96,2,2,124,"Mixed young jack pine (MYJP)","CCBY4.0",2004,2004,46.6531,-91.0858,353,"America/Chicago",NA,NA,"ENF","Dfb",2,"Loamy sand",0.41,9,0.553,6.13,"2015-05-20","2015-10-02",135,14.7199999999648,1.35713890754126,3.36564716471574
"125","US-Wi6",-91.2982,46.6249,"433758",26392,100,"R",94.6192118227,2.53349753695,2.84729064039,125,"Pine barrens #1 (PB1)","CCBY4.0",2002,2003,46.6249,-91.2982,371,"America/Chicago",NA,NA,"OSH","Dfb",2,"Loamy sand",0.41,9,0.553,6.13,"2015-05-29","2015-09-22",116,0,1.11229425753595,3.14119643217643
"126","US-Wi7",-91.0693,46.6491,"433326",26331,100,"R",96,2,2,126,"Red pine clearcut (RPCC)","CCBY4.0",2005,2005,46.6491,-91.0693,335,"America/Chicago",NA,NA,"OSH","Dfb",2,"Loamy sand",0.41,9,0.553,6.13,"2015-05-20","2015-10-02",135,4.22999999989285,1.36371141298056,3.3447528852451
"127","US-Wi8",-91.2524,46.7223,"433730",26385,100,"R",86.9013605442,8.08163265306,5.01700680272,127,"Young hardwood clearcut (YHW)","CCBY4.0",2002,2002,46.7223,-91.2524,348,"America/Chicago",NA,NA,"DBF","Dfb",8,"Silty clay loam",0.477,35.6,0.177,27.3,"2015-05-20","2015-10-02",135,22,1.27041639636517,3.15533681736215
"128","US-Wi9",-91.0746,46.7385,"433327",26332,100,"R",96,2,2,128,"Young Jack pine (YJP)","CCBY4.0",2004,2005,46.7385,-91.0746,350,"America/Chicago",NA,NA,"ENF","Dfb",2,"Loamy sand",0.41,9,0.553,6.13,"2015-06-02","2015-09-30",120,14.5,1.53654781766894,3.2306507188382
"129","US-Wjs",-105.8615,34.4255,"1473952",256526,90,"U",63.0381578947,16.4092105263,20.5526315789,129,"Willard Juniper Savannah","CCBY4.0",2007,2024,34.4255,-105.8615,1931,"America/Denver",15.2,361,"SAV","Bsk",6,"Loam",0.451,47.8,0.252,8.89,"2015-04-19","2015-10-20",184,0,0.0523883801758262,6.06045884223105
"130","US-Wkg",-109.9419,31.7365,"54938",282730,90,"U",61.1453947368,21.7654239766,17.0891812866,130,"Walnut Gulch Kendall Grasslands","CCBY4.0",2004,2024,31.7365,-109.9419,1531,"America/Phoenix",15.64,407,"GRA","Bsk",6,"Loam",0.451,47.8,0.252,8.89,"2015-05-05","2015-10-12",160,0,0.199724601986404,2.16479007396644
"131","US-xAB",-122.3303,45.7624,"71974",41048,100,"R",14.8618421053,63.1381578947,22,131,"NEON Abby Road (ABBY)","CCBY4.0",2017,2023,45.7624,-122.3303,363,"America/Los_Angeles",10,2450.59,"ENF","Csb",6,"Loam",0.451,47.8,0.252,8.89,"2015-05-13","2015-10-16",156,6.05999999998067,1.70982455046559,4.78392541611802
"132","US-xAE",-99.0588,35.4106,"2507761",247334,100,"R",11.4666666667,66.4266666667,22.1066666667,132,"NEON Klemme Range Research Station (OAES)","CCBY4.0",2017,2023,35.4106,-99.0588,516,"America/Chicago",15.5,778.85,"GRA","Cfa",4,"Silt loam",0.485,78.6,0.234,16.68,"2015-04-07","2015-10-12",188,0,0.306676206226354,7.21698584506371
"133","US-xBL",-78.0716,39.0603,"516539",180737,85,"U",11.6901135454,56.8426433073,31.4672431473,133,"NEON Blandy Experimental Farm (BLAN)","CCBY4.0",2017,2023,39.0603,-78.0716,183,"America/New_York",12.1,982.55,"DBF","Cfa",4,"Silt loam",0.485,78.6,0.234,16.68,"2015-04-07","2015-10-12",188,3.69999999999147,1.07201791177271,4.0905723763838
"134","US-xBR",-71.2873,44.0639,NA,NA,NA,NA,59.2065850044292,26.2095552727804,14.5838597227933,134,"NEON Bartlett Experimental Forest (BART)","CCBY4.0",2017,2023,44.0639,-71.2873,232,"America/New_York",5.6,1246,"DBF","Dfb",3,"Sandy loam",0.435,21.8,0.378,11.01,"2015-05-13","2015-09-30",140,15.5799999994355,1.45427090332033,2.18001260651482
"135","US-xCL",-97.57,33.4012,"373666",271151,100,"R",50.3710382514,32.7983606557,16.8306010929,135,"NEON LBJ National Grassland (CLBJ)","CCBY4.0",2017,2023,33.4012,-97.57,259,"America/Chicago",17.5,925.61,"GRA","Cfa",3,"Sandy loam",0.435,21.8,0.378,11.01,"2015-04-03","2015-10-16",196,7,0.553565234899513,7.15901560596805
"136","US-xCP",-104.7456,40.8155,"95132",139847,100,"R",62.75,24.9210526316,12.3289473684,136,"NEON Central Plains Experimental Range (CPER)","CCBY4.0",2016,2023,40.8155,-104.7456,1654,"America/Denver",8.6,320,"GRA","Bsk",6,"Loam",0.451,47.8,0.252,8.89,"2015-05-01","2015-09-06",128,0,0.134127684760091,4.20705184454726
"137","US-xDC",-99.1066,47.1617,"2566846",20867,100,"R",35.1737960526,34.8294276316,29.9967763158,137,"NEON Dakota Coteau Field School (DCFS)","CCBY4.0",2017,2023,47.1617,-99.1066,559,"America/Chicago",4.9,489.74,"GRA","Dfb",6,"Loam",0.451,47.8,0.252,8.89,"2015-05-13","2015-09-18",128,0,0.578387694731711,3.73052222459513
"138","US-xDL",-87.8039,32.5417,"329668",274482,80,"U",30.0473792062,34.8397181478,35.112902646,138,"NEON Dead Lake (DELA)","CCBY4.0",2017,2023,32.5417,-87.8039,22,"America/Chicago",17.6,1372,"MF","Cfa",3,"Sandy loam",0.435,21.8,0.378,11.01,"2015-03-30","2015-10-08",192,25.0700000000259,0.832649643872985,3.559709490754
"139","US-xDS",-81.4362,28.125,"1483882",295027,100,"R",93.1065083128,4.327318705,2.56617298219,139,"NEON Disney Wilderness Preserve (DSNY)","CCBY4.0",2017,2023,28.125,-81.4362,15,"America/New_York",22.5,1216.09,"CVM","Cfa",1,"Sand",0.395,12.1,0.694,4.95,"2015-03-14","2015-11-05",236,0,0.71410543298721,0.579074113426947
"140","US-xGR",-83.5019,35.689,"553583",243576,100,"R",57.8304858085,31.3782907934,10.7912233981,140,"NEON Great Smoky Mountains National Park, Twin Creeks (GRSM)","CCBY4.0",2017,2023,35.689,-83.5019,579,"America/New_York",13.1,1375,"DBF","Cfa",6,"Loam",0.451,47.8,0.252,8.89,"2015-04-23","2015-10-20",180,28.5000000000114,1.00152099780087,1.49993674893572
"141","US-xHA",-72.1727,42.5369,"278708",103721,100,"R",69.9809348807,24.1991102515,5.81995486783,141,"NEON Harvard Forest (HARV)","CCBY4.0",2017,2023,42.5369,-72.1727,351,"America/New_York",6.62,1071,"DBF","Dfb",3,"Sandy loam",0.435,21.8,0.378,11.01,"2015-05-13","2015-10-12",152,22.6299999999213,1.42869325787162,2.43585484536113
"142","US-xJE",-84.4686,31.1948,"325159",285300,100,"R",72.8639344262,12.5950819672,14.5409836066,142,"NEON Jones Ecological Research Center (JERC)","CCBY4.0",2017,2023,31.1948,-84.4686,44,"America/New_York",19.2,1307.97,"ENF","Cfa",3,"Sandy loam",0.435,21.8,0.378,11.01,"2015-03-22","2015-10-20",212,16.3699999999878,0.85163959904671,0.887494531084038
"143","US-xJR",-106.8425,32.5907,"634579",277752,85,"U",77.6439628483,10.9589783282,11.3970588235,143,"NEON Jornada LTER (JORN)","CCBY4.0",2017,2023,32.5907,-106.8425,1329,"America/Denver",15.7,271.33,"OSH","Bsk",1,"Sand",0.395,12.1,0.694,4.95,"2015-01-29","2015-11-05",280,0,0.040231391823292,7.10441102779152
"144","US-xKA",-96.6129,39.1104,"1472302",175811,84,"U",9.97565789474,49.3138157895,40.7105263158,144,"NEON Konza Prairie Biological Station - Relocatable (KONA)","CCBY4.0",2017,2023,39.1104,-96.6129,1329,"America/Chicago",12.7,850.63,"GRA","Cfa",8,"Silty clay loam",0.477,35.6,0.177,27.3,"2015-04-23","2015-09-22",152,0,0.632488976649761,5.27316013721531
"145","US-xKZ",-96.5631,39.1008,"1472305",175814,75,"U",7.81845062093,49.4538734477,42.7276759314,145,"NEON Konza Prairie Biological Station (KONZ)","CCBY4.0",2017,2023,39.1008,-96.5631,381,"America/Chicago",12.4,870.38,"GRA","Cfa",8,"Silty clay loam",0.477,35.6,0.177,27.3,"2015-05-09","2015-09-10",124,0,0.630342486533643,5.74072507275304
"146","US-xMB",-109.3883,38.2483,"55393",194820,100,"R",74.9907894737,13.2296052632,11.7796052632,146,"NEON Moab (MOAB)","CCBY4.0",2017,2023,38.2483,-109.3883,1767,"America/Denver",10.1,319.46,"OSH","Bsk",3,"Sandy loam",0.435,21.8,0.378,11.01,"2015-02-22","2015-11-13",264,0,0.0243453601377012,2.58735097132477
"147","US-xML",-80.5248,37.3783,"516648",216938,80,"U",53.1921212121,33.7321212121,13.0757575758,147,"NEON Mountain Lake Biological Station (MLBS)","CCBY4.0",2017,2023,37.3783,-80.5248,1126,"America/New_York",8.8,1227.82,"DBF","Dfb",6,"Loam",0.451,47.8,0.252,8.89,"2015-05-17","2015-10-04",140,23.2999999999318,0.903162241550433,5.26253705836856
"148","US-xNG",-100.9154,46.7697,"2520776",25900,100,"R",20.2555526316,51.9533947368,27.7910526316,148,"NEON Northern Great Plains Research Laboratory (NOGP)","CCBY4.0",2017,2023,46.7697,-100.9154,578,"America/North_Dakota/New_Salem",5.9,456.51,"GRA","Dfb",6,"Loam",0.451,47.8,0.252,8.89,"2015-05-05","2015-10-16",164,0,0.572222761268614,2.6383315936326
"149","US-xNQ",-112.4524,40.1776,"482173",147730,100,"R",39.8,37.7,22.5,149,"NEON Onaqui-Ault (ONAQ)","CCBY4.0",2017,2023,40.1776,-112.4524,1685,"America/Denver",9,288.31,"OSH","Dfb",6,"Loam",0.451,47.8,0.252,8.89,"2015-03-10","2015-07-28",140,0,0.0257171774654385,3.9929757763843
"150","US-xRM",-105.5459,40.2759,"2420087",152978,100,"R",68.4287091662,17.6440135938,13.92727724,150,"NEON Rocky Mountain National Park, CASTNET (RMNP)","CCBY4.0",2017,2023,40.2759,-105.5459,2743,"America/Denver",2.9,730.59,"ENF","Dfc",3,"Sandy loam",0.435,21.8,0.378,11.01,"2015-05-01","2015-10-16",168,12.9900000000276,0.310580963570461,0.926886908656152
"151","US-xSB",-81.9934,29.6893,"323372",292396,100,"R",96.8180478521,1.23287066965,1.94908147826,151,"NEON Ordway-Swisher Biological Station (OSBS)","CCBY4.0",2017,2023,29.6893,-81.9934,45,"America/New_York",20.9,1302.09,"ENF","Cfa",1,"Sand",0.395,12.1,0.694,4.95,"2015-03-14","2015-10-28",228,0,0.775635246337891,1.22072175173576
"152","US-xSC",-78.1395,38.8929,"518823",185506,90,"U",36.8197368421,34.4434210526,28.7368421053,152,"NEON Smithsonian Conservation Biology Institute (SCBI)","CCBY4.0",2016,2023,38.8929,-78.1395,361,"America/New_York",11.6,1125.5,"DBF","Cfa",4,"Silt loam",0.485,78.6,0.234,16.68,"2015-04-23","2015-10-20",180,25.3500000000853,1.08334762908459,5.55061608657368
"153","US-xSE",-76.56,38.8901,"137738",183543,100,"R",68.1563647849,14.7036187909,17.1400164242,153,"NEON Smithsonian Environmental Research Center (SERC)","CCBY4.0",2017,2023,38.8901,-76.56,15,"America/New_York",13.6,1074.65,"DBF","Cfa",3,"Sandy loam",0.435,21.8,0.378,11.01,"2015-04-19","2015-10-12",176,24.4999999999545,1.17502305595878,2.0940457651478
"154","US-xSJ",-119.7323,37.1088,"463318",220480,100,"R",66.212295082,20.5745901639,13.2131147541,154,"NEON San Joaquin Experimental Range (SJER)","CCBY4.0",2018,2023,37.1088,-119.7323,368,"America/Los_Angeles",16.4,539.62,"SAV","Csa",3,"Sandy loam",0.435,21.8,0.378,11.01,"2015-01-17","2015-05-13",116,5.88999999996504,0.109659139715194,8.36815487977647
"155","US-xSL",-103.0293,40.4619,"94577",143199,100,"R",49.1421052632,26.0092105263,24.8486842105,155,"NEON North Sterling, CO (STER)","CCBY4.0",2017,2023,40.4619,-103.0293,1364,"America/Denver",9.7,432.67,"CRO","Bsk",4,"Silt loam",0.485,78.6,0.234,16.68,"2015-04-23","2015-09-02",132,0,0.183370977963202,4.34738593012168
"156","US-xSR",-110.8355,31.9107,"1416069",282660,0,"ND",43.8932682905042,34.7105740453942,21.3961576640965,156,"NEON Santa Rita Experimental Range (SRER)","CCBY4.0",2017,2023,31.9107,-110.8355,983,"America/Phoenix",19.3,346,"OSH","Bsk",6,"Loam",0.451,47.8,0.252,8.89,"2015-03-26","2015-10-28",216,0,0.126873645951749,2.60791690464867
"157","US-xST",-89.5864,45.5089,"431633",50462,100,"R",66.9813278008,23.2282157676,9.79045643154,157,"NEON Steigerwaldt Land Services (STEI)","CCBY4.0",2017,2023,45.5089,-89.5864,481,"America/Chicago",4.8,797.56,"DBF","Dfb",3,"Sandy loam",0.435,21.8,0.378,11.01,"2015-05-17","2015-09-22",128,22.9000000000256,1.13495710298633,3.97454712349005
"158","US-xTA",-87.3933,32.9505,"2232549",272745,99,"R",38.1422550629,26.6091754988,35.2485694382,158,"NEON Talladega National Forest (TALL)","CCBY4.0",2017,2023,32.9505,-87.3933,135,"America/Chicago",17.2,1382.68,"ENF","Cfa",3,"Sandy loam",0.435,21.8,0.378,11.01,"2015-04-11","2015-11-01",204,17.7000000000284,1.01212454692841,8.5129134671088
"159","US-xTR",-89.5857,45.4937,"431650",50479,100,"R",66.9253275109,23.1423580786,9.93231441048,159,"NEON Treehaven (TREE)","CCBY4.0",2017,2023,45.4937,-89.5857,472,"America/Chicago",4.8,797.56,"DBF","Dfb",1,"Sand",0.395,12.1,0.694,4.95,"2015-05-17","2015-09-22",128,23.7899999999622,1.1393040655818,3.97722988323296
"160","US-xUK",-95.1921,39.0404,"2421220",184644,82,"U",5.12509055784,49.8997826612,44.975126781,160,"NEON The University of Kansas Field Station (UKFS)","CCBY4.0",2017,2023,39.0404,-95.1921,335,"America/Chicago",12.7,990.63,"DBF","Cfa",8,"Silty clay loam",0.477,35.6,0.177,27.3,"2015-04-27","2015-09-26",152,18.1899999999542,0.74170482422495,3.42643418549849
"161","US-xUN",-89.5373,46.2339,"1455968",30489,100,"R",70.4567948351,25.0785051426,4.46470002239,161,"NEON University of Notre Dame Environmental Research Center (UNDE)","CCBY4.0",2017,2023,46.2339,-89.5373,518,"America/Menominee",4.3,802.3,"MF","Dfb",2,"Loamy sand",0.41,9,0.553,6.13,"2015-05-21","2015-09-26",128,22,1.26136392326451,2.83488169075109
"162","US-xWD",-99.2414,47.1282,"2566841",20864,100,"R",77.0399605263,13.7418157895,9.21822368421,162,"NEON Woodworth (WOOD)","CCBY4.0",2017,2023,47.1282,-99.2414,579,"America/Chicago",4.9,493.76,"GRA","Dfb",6,"Loam",0.451,47.8,0.252,8.89,"2015-05-13","2015-09-22",132,0,0.575762905261991,4.01686206727746
"163","US-xYE",-110.5391,44.9535,NA,NA,NA,NA,43.8932682905042,34.7105740453942,21.3961576640965,163,"NEON Yellowstone Northern Range (Frog Rock) (YELL)","CCBY4.0",2018,2023,44.9535,-110.5391,2116,"America/Denver",3.4,493.44,"ENF","Dfc",6,"Loam",0.451,47.8,0.252,8.89,"2015-05-21","2015-08-25",96,10.1499999999332,0.25558415087699,1.38673571809892
