"","Site_ID","n_sample","AI","PFT","latitude","longitude","elevation","AI_level"
"1","US-A32",595,0.465206986390049,"GRA",36.8193,-97.8198,335,"Semiarid"
"2","US-A74",485,0.254200827285468,"CRO",36.8085,-97.5489,337,"Semiarid"
"3","US-ALQ",1897,NA,"WET",46.0308,-89.6067,NA,NA
"4","US-AR1",1237,0.315850266863197,"GRA",36.4267,-99.42,611,"Semiarid"
"5","US-AR2",1135,0.278025909300684,"GRA",36.6358,-99.5975,646,"Semiarid"
"6","US-ARM",7333,0.514351375769582,"CRO",36.6058,-97.4888,314,NA
"7","US-ARb",601,0.30023875236867,"GRA",35.5497,-98.0402,424,"Semiarid"
"8","US-ARc",605,0.308093237997364,"GRA",35.5465,-98.04,424,"Semiarid"
"9","US-ASH",82,0,"DBF",36.1697,-120.201,147,"Hyperarid"
"10","US-ASM",93,0,"DBF",36.1777,-120.2026,147,"Hyperarid"
"11","US-Akn",2013,Inf,"MF",33.3825,-81.5653,93,"Humid"
"12","US-BRG",1068,NA,"GRA",39.2167,-86.5406,180,NA
"13","US-Bar",6306,1.49600536668038,"DBF",44.0646,-71.2881,272,"Humid"
"14","US-Bi1",1963,0.245246366690373,"CRO",38.0992,-121.4993,-2.7,"Semiarid"
"15","US-Bi2",1687,0.142209256957808,"CRO",38.1091,-121.5351,-5,"Arid"
"16","US-CF1",1538,0.00816856236871933,"CRO",46.7815,-117.0821,794,"Hyperarid"
"17","US-CF2",1188,0.00870054163007046,"CRO",46.784,-117.0908,807,"Hyperarid"
"18","US-CF3",1127,0.0152542048810697,"CRO",46.7551,-117.1261,795,"Hyperarid"
"19","US-CF4",1229,0.014972890774668,"CRO",46.7518,-117.1285,795,"Hyperarid"
"20","US-CGG",868,0.173606315244238,"GRA",37.938,-121.9761,119.5,"Arid"
"21","US-CRT",1096,0.522627537719002,"CRO",41.6285,-83.3471,180,NA
"22","US-CS1",303,1.35967161272136,"CRO",44.1031,-89.5379,328,"Humid"
"23","US-CS2",963,0,"ENF",44.1467,-89.5002,328,"Hyperarid"
"24","US-CS3",353,1.68626308041994,"CRO",44.1394,-89.5727,328,"Humid"
"25","US-CS4",312,1.14880115818671,"CRO",44.1597,-89.5475,328,"Humid"
"26","US-CS5",227,1.68378814060908,"CRO",44.1095,-89.5377,328,"Humid"
"27","US-CS6",291,1.06194621461368,"CRO",44.4297,-89.544,328,"Humid"
"28","US-CS8",143,1.00529167596085,"CRO",44.4338,-89.5364,328,"Humid"
"29","US-CdM",1543,Inf,"WSA",37.5241,-109.7471,1860,"Humid"
"30","US-Cop",1510,0.0857720225338656,"GRA",38.09,-109.39,1520,"Arid"
"31","US-Cst",1495,0.635788264374581,"ENF",33.0442,-91.9204,50,NA
"32","US-DFC",1478,0.711703308545764,"CRO",43.3448,-89.7117,264.9,"Humid"
"33","US-DS3",721,0.126904002682816,"CRO",38.1235,-121.549,-7,"Arid"
"34","US-Dmg",841,Inf,"WET",38.0015,-121.6691,1,"Humid"
"35","US-EDN",587,Inf,"WET",37.6156,-122.114,NA,"Humid"
"36","US-Fmf",1905,0.501608728281295,"ENF",35.1426,-111.7273,2160,NA
"37","US-Fuf",1796,0.539899623355332,"ENF",35.089,-111.762,2180,NA
"38","US-Fwf",1923,0.340979062420444,"GRA",35.4454,-111.7718,2270,"Semiarid"
"39","US-GLE",5737,1.71982842264319,"ENF",41.3665,-106.2399,3197,"Humid"
"40","US-HB1",1360,Inf,"WET",33.3455,-79.1957,0.1,"Humid"
"41","US-HB2",356,1.25920777510665,"ENF",33.3242,-79.244,4.7,"Humid"
"42","US-HB3",1457,1.46068284360504,"ENF",33.3482,-79.2322,7.3,"Humid"
"43","US-HWB",1112,0.766171216765092,"CVM",40.8608,-77.8488,378,"Humid"
"44","US-Hn2",687,0.033528887695129,"GRA",46.6889,-119.4641,117.5,"Hyperarid"
"45","US-Hn3",276,0.007190249150678,"OSH",46.6878,-119.4614,120.9,"Hyperarid"
"46","US-Ho1",7553,4.48752879183714,"ENF",45.2041,-68.7402,60,"Humid"
"47","US-Ho2",2012,1.25333276407826,"ENF",45.2091,-68.747,61,"Humid"
"48","US-Jo1",4119,Inf,"OSH",32.582,-106.635,1188,"Humid"
"49","US-Jo2",3330,0.188659213283909,"OSH",32.5849,-106.6032,1469,"Arid"
"50","US-KFS",4083,0.418001598449929,"GRA",39.0561,-95.1907,310,"Semiarid"
"51","US-KLS",2367,0.207648132151049,"GRA",38.7745,-97.5684,373,"Semiarid"
"52","US-KS1",318,1.03255421436605,"ENF",28.4583,-80.6709,1,"Humid"
"53","US-KS2",1664,1.74810864858077,"CSH",28.6086,-80.6715,3,"Humid"
"54","US-KS3",266,Inf,"WET",28.7084,-80.7427,0,"Humid"
"55","US-Kon",4933,0.50120664728816,"GRA",39.0824,-96.5603,417,NA
"56","US-LS2",1730,0.110427015930927,"SAV",31.5659,-110.1344,1240,"Arid"
"57","US-Lin",374,0.21486575084712,"CRO",36.3566,-119.0922,131,"Semiarid"
"58","US-MMS",8027,1.74414166987292,"DBF",39.3232,-86.4131,275,"Humid"
"59","US-MOz",6222,0.872987623136963,"DBF",38.7441,-92.2,219.4,"Humid"
"60","US-Me1",337,0.224578214501275,"ENF",44.5794,-121.5,896,"Semiarid"
"61","US-Me2",7145,0.561833887472289,"ENF",44.4526,-121.5589,1253,NA
"62","US-Me3",1868,0.365780900838579,"ENF",44.3154,-121.6078,1005,"Semiarid"
"63","US-Me6",4416,0.327582987255841,"ENF",44.3233,-121.6078,998,"Semiarid"
"64","US-Mo1",2914,0.767850288903679,"CRO",39.2298,-92.1167,260,"Humid"
"65","US-Mo2",2112,0.230143784627424,"GRA",38.9488,-91.9945,275,"Semiarid"
"66","US-Mo3",2023,0.790737766520029,"CRO",39.2322,-92.1493,261,"Humid"
"67","US-Mpj",4698,0.511295423300059,"WSA",34.4385,-106.2377,2196,NA
"68","US-NC1",2775,1.31467265351095,"ENF",35.8118,-76.7119,5,"Humid"
"69","US-NC3",2448,2.02296461407492,"ENF",35.799,-76.656,5,"Humid"
"70","US-NC4",4064,Inf,"WET",35.7879,-75.9038,1,"Humid"
"71","US-NR1",6163,0.360268666126756,"ENF",40.0329,-105.5464,3050,"Semiarid"
"72","US-Ne1",7161,0,"CRO",41.1651,-96.4766,361,"Hyperarid"
"73","US-ONA",2259,0.547871553782321,"GRA",27.3836,-81.9509,25,NA
"74","US-ORv",1947,NA,"WET",40.0201,-83.0183,221,NA
"75","US-Oho",3426,0.992907180725279,"DBF",41.5545,-83.8438,230,"Humid"
"76","US-PFL",114,0,"DBF",45.9409,-90.3177,464,"Hyperarid"
"77","US-PFb",112,0,"ENF",45.972,-90.3232,474,"Hyperarid"
"78","US-PFc",111,0,"DBF",45.9677,-90.3088,473,"Hyperarid"
"79","US-PFd",119,NA,"WET",45.9689,-90.301,473,NA
"80","US-PFk",107,0,"DBF",45.9149,-90.3425,476,"Hyperarid"
"81","US-PFm",116,0,"DBF",45.9207,-90.3099,484,"Hyperarid"
"82","US-PFn",116,0,"DBF",45.9392,-90.2823,478,"Hyperarid"
"83","US-PFp",92,0,"DBF",45.9365,-90.2641,497,"Hyperarid"
"84","US-PFq",112,0,"DBF",45.9271,-90.2475,473,"Hyperarid"
"85","US-PFt",114,0,"ENF",45.9197,-90.2288,466,"Hyperarid"
"86","US-PSH",79,0,"DBF",36.2347,-119.9247,70,"Hyperarid"
"87","US-PSL",93,0,"DBF",36.8276,-120.1397,65,"Hyperarid"
"88","US-Pnp",2153,Inf,"WAT",43.0896,-89.4158,260,"Humid"
"89","US-RGA",858,0.730484406113911,"CRO",34.4159,-91.6733,61,"Humid"
"90","US-RGB",971,0.25255112073841,"CRO",39.5782,-121.8579,33,"Semiarid"
"91","US-RGF",300,0.118973866879055,"CRO",37.6995,-121.1369,16,"Arid"
"92","US-RGW",532,0.841540161856429,"CRO",33.6216,-91.4306,41,"Humid"
"93","US-RGo",812,0.213530879712822,"CRO",39.6805,-122.0026,40,"Semiarid"
"94","US-RRC",452,Inf,"WET",37.3344,-77.2065,0.1,"Humid"
"95","US-Rls",3201,0,"CSH",43.1439,-116.7356,1608,"Hyperarid"
"96","US-Rms",3210,0,"CSH",43.0645,-116.7486,2111,"Hyperarid"
"97","US-Ro1",4573,0.849999137252286,"CRO",44.7143,-93.0898,290,"Humid"
"98","US-Ro2",2230,3.35068149813532,"CRO",44.7288,-93.0888,292,"Humid"
"99","US-Ro3",1284,0.702789771230822,"CRO",44.7217,-93.0893,260,"Humid"
"100","US-Ro4",3490,0.827290428578158,"GRA",44.6781,-93.0723,274,"Humid"
"101","US-Ro5",2550,0.860887445059737,"CRO",44.691,-93.0576,283,"Humid"
"102","US-Ro6",2549,0.930281596607223,"CRO",44.6946,-93.0578,282,"Humid"
"103","US-Rwe",1662,0,"CSH",43.0653,-116.7591,2098,"Hyperarid"
"104","US-Rwf",3277,0,"CSH",43.1207,-116.7231,1878,"Hyperarid"
"105","US-Rws",3267,0,"OSH",43.1675,-116.7132,1425,"Hyperarid"
"106","US-SP1",6714,0,"ENF",29.7381,-82.2188,50,"Hyperarid"
"107","US-SRC",1884,0.177354223557256,"OSH",31.9083,-110.8395,950,"Arid"
"108","US-SRG",5730,0.14943497864265,"GRA",31.7894,-110.8277,1291,"Arid"
"109","US-SRM",7255,0.285703194816768,"WSA",31.8214,-110.8661,1120,"Semiarid"
"110","US-SRS",2688,0.435058798831546,"WSA",31.8173,-110.8508,1169,"Semiarid"
"111","US-SSH",1676,0.949723650783012,"DBF",40.6658,-77.9041,310,"Humid"
"112","US-Seg",5376,0.0997063257887959,"GRA",34.3623,-106.702,1596,"Arid"
"113","US-Ses",5385,0.163840470633567,"OSH",34.3349,-106.7442,1604,"Arid"
"114","US-Sne",1624,0.200686777072429,"GRA",38.0369,-121.7547,-5,"Semiarid"
"115","US-Snf",722,0.237019298233359,"GRA",38.0402,-121.7272,-4,"Semiarid"
"116","US-Srr",1285,NA,"WET",38.2006,-122.0264,8,NA
"117","US-StJ",933,Inf,"WET",39.0882,-75.4372,6.7,"Humid"
"118","US-Syv",5798,0,"MF",46.242,-89.3477,540,"Hyperarid"
"119","US-Ton",8189,0.667942216291472,"WSA",38.4309,-120.966,177,"Humid"
"120","US-Tw1",4404,NA,"WET",38.1074,-121.6469,-5,NA
"121","US-Tw2",354,0,"CRO",38.0969,-121.6365,-5,"Hyperarid"
"122","US-Tw3",1830,0.0196962534427153,"CRO",38.1152,-121.6469,-4,"Hyperarid"
"123","US-Tw4",3671,Inf,"WET",38.1027,-121.6413,-5,"Humid"
"124","US-Tw5",613,NA,"WET",38.1072,-121.6426,-5,NA
"125","US-UC1",1625,1.02283155837413,"CVM",40.7536,-78.0056,390,"Humid"
"126","US-UC2",1609,0.967718398384919,"CVM",40.7559,-77.9998,396,"Humid"
"127","US-UM3",193,NA,"WAT",45.5686,-84.6707,234,NA
"128","US-UMB",5461,0.927988881554992,"DBF",45.5598,-84.7138,234,"Humid"
"129","US-UMd",5967,0,"DBF",45.5625,-84.6975,239,"Hyperarid"
"130","US-UTB",602,Inf,"BSV",40.7848,-113.8299,1287,"Humid"
"131","US-Var",7597,0.258579215275112,"GRA",38.4133,-120.9508,129,"Semiarid"
"132","US-Vcm",5059,0.381838864139368,"ENF",35.8884,-106.5321,3030,"Semiarid"
"133","US-Vcp",5791,0.353784908010537,"ENF",35.8642,-106.5967,2500,"Semiarid"
"134","US-WPT",1093,Inf,"WET",41.4646,-82.9962,175,"Humid"
"135","US-Whs",4930,0.244486907778075,"OSH",31.7438,-110.0522,1370,"Semiarid"
"136","US-Wi0",200,0.94657877936807,"ENF",46.6188,-91.0814,349,"Humid"
"137","US-Wi1",189,0.162306153266763,"DBF",46.7305,-91.2329,352,"Arid"
"138","US-Wi3",571,0.586441559365672,"DBF",46.6347,-91.0987,411,NA
"139","US-Wi4",722,0.760434343165939,"ENF",46.7393,-91.1663,352,"Humid"
"140","US-Wi5",237,0.945897037543777,"ENF",46.6531,-91.0858,353,"Humid"
"141","US-Wi6",352,0.83606088108155,"OSH",46.6249,-91.2982,371,"Humid"
"142","US-Wi7",172,1.22337527475179,"OSH",46.6491,-91.0693,335,"Humid"
"143","US-Wi8",176,0.860785462617972,"DBF",46.7223,-91.2524,348,"Humid"
"144","US-Wi9",346,0.970347609601213,"ENF",46.7385,-91.0746,350,"Humid"
"145","US-Wkg",6450,0.155846770060991,"GRA",31.7365,-109.9419,1531,"Arid"
"146","US-xAB",2012,3.51944380596235,"ENF",45.7624,-122.3303,363,"Humid"
"147","US-xAE",973,0.966959022752072,"GRA",35.4106,-99.0588,516,"Humid"
"148","US-xBL",659,0.932254519348958,"DBF",39.0603,-78.0716,183,"Humid"
"149","US-xBR",1550,1.19797414093537,"DBF",44.0639,-71.2873,232,"Humid"
"150","US-xCL",985,0.154770182229772,"GRA",33.4012,-97.57,259,"Arid"
"151","US-xCP",1303,0.0223801644462735,"GRA",40.8155,-104.7456,1654,"Hyperarid"
"152","US-xDC",1482,0.430504871886529,"GRA",47.1617,-99.1066,559,"Semiarid"
"153","US-xDL",1153,1.41229799106857,"MF",32.5417,-87.8039,22,"Humid"
"154","US-xDS",965,0.791128815448384,"CVM",28.125,-81.4362,15,"Humid"
"155","US-xGR",883,1.19112474189759,"DBF",35.689,-83.5019,579,"Humid"
"156","US-xHA",1480,1.89892889213193,"DBF",42.5369,-72.1727,351,"Humid"
"157","US-xJE",1141,1.24725926060815,"ENF",31.1948,-84.4686,44,"Humid"
"158","US-xJR",2172,0.114296254916422,"OSH",32.5907,-106.8425,1329,"Arid"
"159","US-xKA",1272,0.541265863132963,"GRA",39.1104,-96.6129,1329,NA
"160","US-xKZ",1457,0.286920689017842,"GRA",39.1008,-96.5631,381,"Semiarid"
"161","US-xMB",708,0.105907258369375,"OSH",38.2483,-109.3883,1767,"Arid"
"162","US-xML",857,1.61469101981409,"DBF",37.3783,-80.5248,1126,"Humid"
"163","US-xNG",1458,0.130043486123326,"GRA",46.7697,-100.9154,578,"Arid"
"164","US-xNQ",822,0.141578901160375,"OSH",40.1776,-112.4524,1685,"Arid"
"165","US-xRM",1500,0.342943248766492,"ENF",40.2759,-105.5459,2743,"Semiarid"
"166","US-xSB",794,1.20832878469388,"ENF",29.6893,-81.9934,45,"Humid"
"167","US-xSC",417,0.876184704210469,"DBF",38.8929,-78.1395,361,"Humid"
"168","US-xSE",1098,1.02785438327941,"DBF",38.8901,-76.56,15,"Humid"
"169","US-xSJ",807,0.00499795762335642,"SAV",37.1088,-119.7323,368,"Hyperarid"
"170","US-xSL",1882,0.175127483794415,"CRO",40.4619,-103.0293,1364,"Arid"
"171","US-xSR",1202,0.161575388131851,"OSH",31.9107,-110.8355,983,"Arid"
"172","US-xST",1518,1.17072616429121,"DBF",45.5089,-89.5864,481,"Humid"
"173","US-xTA",1386,1.58073132035066,"ENF",32.9505,-87.3933,135,"Humid"
"174","US-xTR",1493,0.775158998414621,"DBF",45.4937,-89.5857,472,"Humid"
"175","US-xUK",1215,1.07019510287687,"DBF",39.0404,-95.1921,335,"Humid"
"176","US-xUN",1607,1.29860312400356,"MF",46.2339,-89.5373,518,"Humid"
"177","US-xWD",2076,0.226871040092986,"GRA",47.1282,-99.2414,579,"Semiarid"
"178","US-xYE",899,0.217448560331117,"ENF",44.9535,-110.5391,2116,"Semiarid"
