"","site_ID","daily_p_TE","mean_TE","mean_sig_TE","daily_agg_TE","var_TE","sk_TE","best_lag","mem1","mem2","mem3","mem4","mem5","cv_TE","ac1_TE","RB_id_TE","H_TE"
"1","US-A32",1.53325283612465,1.16192802173116,1.17871358639533,30.1031434894866,0.0226777028478404,-0.167914505550929,13,43,43,30,69,43,0.129604566753552,0.717633605571758,0.0736915592383713,6.17764124189307
"2","US-A74",2.13010013926079,1.53746634617598,1.53746634617598,38.8435871911133,0.0336361856157003,0.895949713741584,2,72,73,72,72,72,0.119288273237751,0.689616528601412,0.0722592161367573,6.17997187874772
"3","US-Akn",NA,NA,NA,NA,NA,NA,NA,NA,NA,NA,NA,NA,NA,NA,NA,NA
"4","US-AR1",2.34566222226215,1.36778483240033,1.36778483240033,33.0030905803693,0.193311709615951,0.434219398041619,0,72,73,72,72,72,0.321448421437617,0.941970845463075,0.0866952576658105,6.11764620276789
"5","US-AR2",1.15715186352743,0.829571240211563,0.829571240211563,21.6806003087091,0.0145854210562174,0.477379373284701,2,72,73,72,72,72,0.145581368682367,0.758887807595793,0.0734211102057837,6.17494736287099
"6","US-ARb",NA,NA,NA,NA,NA,NA,NA,NA,NA,NA,NA,NA,NA,NA,NA,NA
"7","US-ARc",NA,NA,NA,NA,NA,NA,NA,NA,NA,NA,NA,NA,NA,NA,NA,NA
"8","US-ARM",0.285359479549095,0.20903480904579,0.20903480904579,5.22851477151676,0.000940605043833762,0.628360745646061,0,72,73,72,72,72,0.14671855449909,0.872391551093858,0.0573293301496646,6.17486799353718
"9","US-ASH",NA,NA,NA,NA,NA,NA,NA,NA,NA,NA,NA,NA,NA,NA,NA,NA
"10","US-ASM",NA,NA,NA,NA,NA,NA,NA,NA,NA,NA,NA,NA,NA,NA,NA,NA
"11","US-Bar",0.59976368316156,0.417563421808585,0.417563421808585,10.1390120736348,0.00518499472456816,0.464808509869177,0,72,73,72,72,72,0.172445438746231,0.891750688630789,0.0597497078976657,6.16904566495683
"12","US-Bi1",0.581957665460343,0.457013132203314,0.460416914151704,11.0071955124326,0.00178899128824451,0.476840563249379,2,19,19,17,69,19,0.0925497890550593,0.720387454957051,0.0523814219445164,6.18379582597307
"13","US-Bi2",0.524324428024803,0.399801300785054,0.4759001258007,3.8067869694019,0.00416381541591708,0.42841691896799,0,4,4,4,23,4,0.161399257173853,0.842996525553076,0.0700389627206642,6.17154888831754
"14","US-BRG",1.4151806405374,0.942516121479742,0.980575862926345,22.9036200352837,0.0221496209927686,0.555301960835696,0,8,8,8,60,8,0.15790444743011,0.806015436781259,0.0731523277994211,6.17240758594892
"15","US-CdM",1.57623153825952,1.13043982019401,1.13043982019401,29.3771632761342,0.0179332110256739,0.436354381729686,0,72,73,72,72,72,0.118462687817729,0.812911275121043,0.0508908839322001,6.17993432702614
"16","US-CF1",1.4651202182121,1.24378455217293,1.24378455217293,29.6647410049752,0.00931023117387914,0.323594459407359,3,72,73,72,72,72,0.0775773738510216,0.454970947514789,0.0631898086360354,6.18556570148908
"17","US-CF2",0.503172975851314,0.406887047592599,0.460598979774337,4.61765806499073,0.00249890157286429,-0.276346094328822,6,4,1,1,23,7,0.122857227374531,0.3881634468803,0.107495483221656,6.17888560347469
"18","US-CF3",NA,NA,NA,NA,NA,NA,NA,NA,NA,NA,NA,NA,NA,NA,NA,NA
"19","US-CF4",NA,NA,NA,NA,NA,NA,NA,NA,NA,NA,NA,NA,NA,NA,NA,NA
"20","US-CGG",1.00188038677574,0.777140184695343,0.847607543797678,14.3417295570838,0.0109550567294929,0.0910289966843457,4,13,13,9,43,13,0.13468150141094,0.826351586536911,0.063582813736925,6.17689692988942
"21","US-Cop",1.00807802811174,0.707714244307333,0.729943349109345,19.6157840266348,0.0136977186488404,0.370810409561098,14,29,29,15,64,29,0.165373601271567,0.832693670910098,0.0765692599411039,6.17054521811672
"22","US-CRT",1.01528837771385,0.820662519438377,0.820662519438377,20.201271361413,0.00610658579438733,0.706274944123988,21,72,73,72,72,72,0.0952214153355329,0.717031419493434,0.0528009720916163,6.18349399238446
"23","US-CS1",NA,NA,NA,NA,NA,NA,NA,NA,NA,NA,NA,NA,NA,NA,NA,NA
"24","US-CS2",7.76775317793995,5.21427506991087,5.71537905872558,105.072369049044,2.20724175393452,0.285657398939181,18,3,19,12,56,30,0.284925299610901,0.874076438289856,0.113142644771154,6.1323170745865
"25","US-CS3",NA,NA,NA,NA,NA,NA,NA,NA,NA,NA,NA,NA,NA,NA,NA,NA
"26","US-CS4",NA,NA,NA,NA,NA,NA,NA,NA,NA,NA,NA,NA,NA,NA,NA,NA
"27","US-CS5",7.05801879264263,6.41670777555676,6.41670777555676,152.597208827219,0.374160213550413,-0.425089272055356,4,72,73,72,72,72,0.0953271350373673,0.618990661367864,0.0649888584848372,6.1832434354056
"28","US-CS6",4.37258555313697,3.78040873574915,3.78040873574915,91.8961161929234,0.244975938462078,-0.387181558381887,23,72,73,72,72,72,0.130925112866649,0.872098364561999,0.0519821786996531,6.17735107383815
"29","US-CS8",NA,NA,NA,NA,NA,NA,NA,NA,NA,NA,NA,NA,NA,NA,NA,NA
"30","US-Cst",0.897225763370487,0.654334398193053,0.683894540117782,14.1528564295127,0.0112745926042631,0.306654569137136,0,8,8,8,59,8,0.162274648608214,0.837364560942716,0.0700388399839724,6.17124864570119
"31","US-DFC",1.43711685797833,1.12392023164125,1.12392023164125,27.2202399650958,0.0132288609501476,0.308348885378145,0,72,73,72,72,72,0.102335363557607,0.726062918568874,0.0566823469427326,6.18242033718685
"32","US-DS3",1.06457078837622,0.928260825682939,0.939279610979783,19.262753102747,0.00495597748884576,0.284566906854968,18,0,5,3,66,21,0.0758393565647665,0.390048468657066,0.0635119156139454,6.18575034117799
"33","US-Fmf",1.18751849499667,0.83679209548019,0.83679209548019,20.3076031623796,0.030619976426055,0.431758478451265,23,72,73,72,72,72,0.209114841414128,0.924774200922019,0.0644141263864298,6.15929387252691
"34","US-Fuf",1.2965479437909,0.899806622478554,0.899806622478554,21.7094799407883,0.0870221004904442,0.276655795263552,23,72,73,72,72,72,0.327842758840241,0.941731925089094,0.0890456801490264,6.1138198271591
"35","US-Fwf",1.03789579712025,0.668964416485464,0.668964416485464,16.489156865814,0.0273992698885295,0.313315441337248,0,72,73,72,72,72,0.247438046174499,0.918915872831276,0.0799575506994587,6.14669379350796
"36","US-GLE",0.325700028252485,0.271078950019004,0.271078950019004,6.58088803694386,0.000197242460473251,0.872647774414517,22,72,73,72,72,72,0.0518089047024072,0.307295707425274,0.0468618054899942,6.18794017966159
"37","US-Ha1",NA,NA,NA,NA,NA,NA,NA,NA,NA,NA,NA,NA,NA,NA,NA,NA
"38","US-HB2",1.58401861332015,0.997340928344013,1.15449488547138,15.5112391334747,0.032054638173754,0.748002700828791,1,8,8,7,30,8,0.179515435811645,0.857135620278721,0.0715640319906596,6.16752946021509
"39","US-HB3",1.33552202042414,0.784901095762291,0.789013799507759,20.5849225383518,0.0319412589470423,0.798381818826914,0,61,61,61,71,61,0.227698976997071,0.925162097956671,0.0682004714616127,6.15426479928639
"40","US-Hn2",1.70620338701456,1.35859996435303,1.38981464302048,28.6098631356681,0.0344005362053468,0.0252120803503515,15,4,21,18,65,33,0.136518342619966,0.778392026426471,0.0732207275934054,6.17650249175881
"41","US-Hn3",NA,NA,NA,NA,NA,NA,NA,NA,NA,NA,NA,NA,NA,NA,NA,NA
"42","US-Ho1",0.481118226142012,0.445193071606836,0.445193071606836,10.8010843411276,0.000392236409945502,0.334309712693757,21,72,73,72,72,72,0.0444862251664607,0.423815101616837,0.0389742421530343,6.1884223640559
"43","US-Ho2",NA,NA,NA,NA,NA,NA,NA,NA,NA,NA,NA,NA,NA,NA,NA,NA
"44","US-HWB",1.18154058537187,0.926320588644746,0.926320588644746,23.2598068082364,0.00738100218181469,0.584837247683677,0,72,73,72,72,72,0.0927462480981007,0.663068769752254,0.0581338064517904,6.18379027979447
"45","US-Jo1",0.235666791435178,0.159196313260587,0.173526745760618,3.24524337144303,0.00113605358690215,0.133773710154262,20,2,17,7,53,27,0.21172220224451,0.866929994182462,0.0914153054762709,6.1576894503523
"46","US-Jo2",1.11602029180795,0.616018753210077,0.616018753210077,16.7828633470114,0.0221387737467175,0.899706299262791,0,72,73,72,72,72,0.24153654376673,0.904200696829812,0.0772641387470996,6.15012582020197
"47","US-KFS",0.727799217746456,0.43185793177755,0.43185793177755,11.1035899201485,0.00499900208217701,1.5288420463621,0,72,73,72,72,72,0.163719631432773,0.836265417059993,0.0705332552914773,6.17192620201675
"48","US-KLS",0.592468902789097,0.500435055192956,0.500435055192956,12.1483350032192,0.00238526697732779,0.348906155770756,23,72,73,72,72,72,0.0975934730913775,0.692492604438341,0.0636217722348539,6.1831019839327
"49","US-Kon",0.582403694852974,0.497454540783689,0.497454540783689,12.5292775928545,0.00210473830880002,0.0551200362998059,9,72,73,72,72,72,0.0922243607122661,0.783151120470608,0.0444389919988526,6.18376665356177
"50","US-KS1",NA,NA,NA,NA,NA,NA,NA,NA,NA,NA,NA,NA,NA,NA,NA,NA
"51","US-KS2",NA,NA,NA,NA,NA,NA,NA,NA,NA,NA,NA,NA,NA,NA,NA,NA
"52","US-Lin",2.72786919457434,2.22151761782103,2.22151761782103,52.1115813184614,0.0957444790619761,0.351610189626408,1,72,73,72,72,72,0.139285885164995,0.828021348218278,0.0658604632587446,6.17616807382692
"53","US-LS2",1.58858144925519,1.0927854047224,1.0927854047224,26.4236589872844,0.11100807354873,0.0489294460159861,0,72,73,72,72,72,0.304889450116953,0.938123514328045,0.0859514131814024,6.12240546332271
"54","US-Me1",3.07838922257375,2.23760428456536,2.34102841057738,46.758470986573,0.140238165592729,0.314036874417138,0,10,10,10,59,10,0.167359290550377,0.841197470645782,0.0745356119240359,6.17007088544588
"55","US-Me2",0.23355960180964,0.183120933284401,0.183574246000269,4.54111525714964,0.000284813087363898,0.609999715319211,2,53,53,51,71,53,0.0921598963645562,0.671995337981409,0.0585969488129254,6.18387020844989
"56","US-Me3",1.0170845577973,0.728976601638297,0.728976601638297,18.4289220051233,0.00952162612315252,0.929044678732679,1,72,73,72,72,72,0.133857273107001,0.76755421191858,0.0674276725964535,6.17749545171997
"57","US-Me6",0.385087504968535,0.331679735628595,0.331679735628595,8.08245035468733,0.000489076569666171,0.106496811460425,9,72,73,72,72,72,0.0666759926644695,0.504304327768933,0.0541277666059326,6.18666213124198
"58","US-MMS",0.403520328953634,0.279805225883435,0.279805225883435,6.7399370864171,0.00163295475443641,0.756076790194371,0,72,73,72,72,72,0.144421301443111,0.861183135580632,0.0541865345686419,6.17541033221519
"59","US-Mo1",0.473997244456783,0.386775265491203,0.388192808707857,9.27025472987812,0.00251532012826798,0.263699596582379,0,23,23,23,71,23,0.129669531036477,0.847944307956956,0.0565597152343744,6.17792133975255
"60","US-Mo2",0.767022669621796,0.562039669152287,0.562039669152287,14.0108905150397,0.00541239527613971,0.640304408760471,1,72,73,72,72,72,0.130896424487266,0.790413032960977,0.0633127653167561,6.17788233897542
"61","US-Mo3",0.731182597872755,0.559239186599448,0.559239186599448,14.3078610598197,0.00422673545463973,0.418166420206259,3,72,73,72,72,72,0.11625320585242,0.784194090492714,0.059721351755947,6.18031170451972
"62","US-MOz",0.430099215514433,0.342200736009215,0.342200736009215,8.45662085608977,0.000775683883296413,0.648468058981744,0,72,73,72,72,72,0.0813882002039116,0.691003324413727,0.047751427257439,6.18517962103045
"63","US-Mpj",NA,NA,NA,NA,NA,NA,NA,NA,NA,NA,NA,NA,NA,NA,NA,NA
"64","US-NC1",0.685892271916271,0.465830392383143,0.467547724942867,11.7752348759868,0.0047705598981742,0.623801506358553,0,37,37,37,71,37,0.14827121848104,0.842752936478529,0.0648501572781564,6.17450946334371
"65","US-NC3",0.896788686036906,0.558268802764879,0.558268802764879,14.774960599811,0.0119898380668006,0.549610522542124,0,72,73,72,72,72,0.196138703198228,0.914090339349071,0.0613477893784836,6.16300765098379
"66","US-Ne1",0.455459944933431,0.37585356453792,0.37585356453792,9.32410105909249,0.00156986578003257,-0.285414856239018,5,72,73,72,72,72,0.105417469757489,0.824919913007304,0.0502094637315929,6.18180107947805
"67","US-NR1",0.484663471703547,0.33638944497372,0.337840242585675,7.72206639133191,0.00642476997190544,0.391198951750423,22,12,60,72,71,72,0.238279363453259,0.937719876386197,0.0624331437193521,6.15013690944541
"68","US-Oho",0.636016640840517,0.533016018717051,0.533016018717051,13.0499754226714,0.00272613320152871,-0.0736531979313376,2,72,73,72,72,72,0.0979565035289883,0.756244604161509,0.0527930005127493,6.18295986400084
"69","US-ONA",0.983740060032644,0.559420793018016,0.577445275153268,13.9698617944609,0.0230120560064841,0.647474879504079,0,14,14,14,66,14,0.271168417483499,0.905067874896834,0.0873338573070754,6.13929942441696
"70","US-PFb",5.23931555859289,4.27641156054643,4.60528218608729,77.3551240625934,0.34650147638923,-0.273842879881864,0,7,7,7,47,7,0.137648996556499,0.62509146694719,0.0906306173675406,6.17605097837288
"71","US-PFc",5.8560477414476,4.57480280157034,5.40708718380608,22.1130865327324,0.275528266998767,-0.0772400398518183,2,3,3,1,7,3,0.114738905263282,0.571924734672546,0.0807204619585117,6.18037105798566
"72","US-PFk",6.02485155490567,4.77498592132239,5.22847411281375,51.3869008879158,0.478968411921771,-0.159684802986125,23,0,4,2,37,25,0.144937691844843,0.660740744338659,0.0920358877405577,6.17458296244003
"73","US-PFL",4.62431809342229,3.59071412794618,4.18060991314871,21.0238294575952,0.195437576820838,-0.0652876706538173,3,5,5,2,14,5,0.123118468391011,0.615657630585248,0.0885531648800323,6.17893465747972
"74","US-PFm",NA,NA,NA,NA,NA,NA,NA,NA,NA,NA,NA,NA,NA,NA,NA,NA
"75","US-PFn",5.80157826102173,4.14422751539247,4.56545455087188,62.3916456015836,0.341091437014175,0.0275520654873587,15,0,14,11,39,26,0.140926224960412,0.717669408974246,0.0853906384997303,6.17557752760774
"76","US-PFp",NA,NA,NA,NA,NA,NA,NA,NA,NA,NA,NA,NA,NA,NA,NA,NA
"77","US-PFq",6.58905491866641,5.84131854824636,6.15401392782143,96.7437597951513,0.34226193091293,0.171952097898875,14,4,11,8,46,22,0.100154025020079,0.642060142897324,0.0682063521368845,6.18269982696576
"78","US-PFt",5.77628617441824,4.30215861412151,4.78753141900434,66.4959745366093,0.364908574008622,0.600178220799857,22,8,5,4,35,26,0.140412449524595,0.55811462782031,0.100291289776078,6.17609501234353
"79","US-PSH",NA,NA,NA,NA,NA,NA,NA,NA,NA,NA,NA,NA,NA,NA,NA,NA
"80","US-PSL",NA,NA,NA,NA,NA,NA,NA,NA,NA,NA,NA,NA,NA,NA,NA,NA
"81","US-RGA",1.14418871083916,0.937241910676586,0.943325956613161,22.4063998621621,0.00948543884187653,-0.191930969332743,4,19,19,15,70,19,0.103914706041752,0.667431170829043,0.0678231965357066,6.18205204156588
"82","US-RGB",0.84257735546559,0.674643899145574,0.734962741263114,10.1565267660058,0.0122742432422574,0.155702607350419,2,9,9,7,48,9,0.164218758842394,0.900790790689419,0.0555302504255541,6.1706590262344
"83","US-RGF",1.76296192641977,1.48327566066099,1.54714818315547,34.2864045750718,0.0416729490019765,-0.441976185604813,17,14,17,16,61,33,0.137627508211691,0.609786711753493,0.0916368236991921,6.17594520512732
"84","US-RGo",0.601876495178297,0.517582274689827,0.587770446724835,3.46625921410225,0.00332963827354429,-0.044512865044077,21,0,2,2,18,23,0.111485691668979,0.715407729096702,0.0678830791309533,6.18092709749786
"85","US-RGW",1.8717977103159,1.53974592348683,1.60851683458912,29.6645468918849,0.0247391604958621,-0.185474167193106,4,11,11,7,54,11,0.102151186665237,0.687096197254199,0.0588574929832089,6.18231900009756
"86","US-Rls",1.57084082041591,0.817226187882643,0.817226187882643,19.8608412756224,0.124063590433776,0.533473647247728,0,72,73,72,72,72,0.431002607639369,0.951499091323027,0.108596775190191,6.06127624136626
"87","US-Rms",0.635111773351108,0.530591783385824,0.530591783385824,12.8194409018478,0.00125809999352797,0.451256869293774,1,72,73,72,72,72,0.0668493301310386,0.650151000387515,0.0411457151855322,6.18667069498541
"88","US-Ro1",2.1053814176608,1.8634296177987,1.86917566919051,43.0081745441232,0.026573160559065,0.372774873159104,1,62,62,61,71,62,0.0874799672574144,0.507940374032955,0.0620955332803068,6.18441748398123
"89","US-Ro2",NA,NA,NA,NA,NA,NA,NA,NA,NA,NA,NA,NA,NA,NA,NA,NA
"90","US-Ro3",NA,NA,NA,NA,NA,NA,NA,NA,NA,NA,NA,NA,NA,NA,NA,NA
"91","US-Ro4",0.743414559204887,0.622175064707072,0.622175064707072,15.7398443435938,0.00216232190312576,0.213778131814079,1,72,73,72,72,72,0.0747390498000038,0.649719852823259,0.0528156732224561,6.18586160414248
"92","US-Ro5",0.779744176396515,0.648856721948647,0.648856721948647,15.5609726091047,0.00322592646847166,0.348577788244684,18,72,73,72,72,72,0.0875343323896407,0.756757376355189,0.0460720430155309,6.18441228223713
"93","US-Ro6",0.70878151161726,0.591388965697569,0.591388965697569,14.5820225142484,0.00114292626690828,0.334985378551089,17,72,73,72,72,72,0.0571657479139955,0.461991423646072,0.0445437906705279,6.18751015927037
"94","US-Rwe",NA,NA,NA,NA,NA,NA,NA,NA,NA,NA,NA,NA,NA,NA,NA,NA
"95","US-Rwf",NA,NA,NA,NA,NA,NA,NA,NA,NA,NA,NA,NA,NA,NA,NA,NA
"96","US-Rws",0.554353788193787,0.412497016273713,0.412497016273713,10.2799351939473,0.0026282842559915,0.556326319906126,2,72,73,72,72,72,0.12428403805358,0.723744123568314,0.0668971362726412,6.17902540744829
"97","US-Seg",NA,NA,NA,NA,NA,NA,NA,NA,NA,NA,NA,NA,NA,NA,NA,NA
"98","US-Ses",NA,NA,NA,NA,NA,NA,NA,NA,NA,NA,NA,NA,NA,NA,NA,NA
"99","US-Sne",NA,NA,NA,NA,NA,NA,NA,NA,NA,NA,NA,NA,NA,NA,NA,NA
"100","US-Snf",0.841295716848674,0.618737256332506,0.758024099575706,1.5558293089507,0.00990223634807099,0.45468176907324,0,1,1,1,17,1,0.160827524332076,0.703087597327474,0.0937552589390378,6.17170556373854
"101","US-SP1",0.570391839539777,0.484120582683529,0.484120582683529,11.496407942804,0.00283181348730137,0.650732654746111,0,72,73,72,72,72,0.109920520347757,0.827737878592772,0.0467964300659046,6.18140100667892
"102","US-SRC",1.66099596791375,1.22751552401858,1.22751552401858,31.4845032062172,0.0499379395893758,0.128986602792426,20,72,73,72,72,72,0.182049007929261,0.915259753429281,0.0575177995247875,6.16619457848049
"103","US-SRG",1.24727361145523,0.803181114280544,0.803181114280544,19.7058887451922,0.065309335765807,0.0486615626479322,1,72,73,72,72,72,0.318180928839519,0.947976715078798,0.083961576049504,6.11629713975513
"104","US-SRM",0.843398768388391,0.592512707116637,0.592512707116637,14.494811346739,0.0294899038621351,0.00456133961346493,1,72,73,72,72,72,0.289827112232045,0.950679930388375,0.0715372198539558,6.1288963457484
"105","US-SRS",1.09475576289568,0.721653653262863,0.721653653262863,18.0105005947606,0.0360188701387709,0.168187031513498,0,72,73,72,72,72,0.262988179189885,0.930215344927678,0.0761515235205847,6.14044927160444
"106","US-SSH",1.88858491147088,1.36241909893487,1.36241909893487,33.9392677061232,0.0564673646824686,0.353178579076507,22,72,73,72,72,72,0.174416688553066,0.863639150608012,0.0743459177242632,6.16842102281527
"107","US-Syv",0.784931970643054,0.657500969532083,0.657500969532083,16.1378596972759,0.00435788629781915,0.234138006276308,22,72,73,72,72,72,0.10040181178026,0.858919000660145,0.0408057096328396,6.1826850591991
"108","US-Ton",0.266469546081673,0.216225658635817,0.216225658635817,5.66563324244259,0.000359337922880078,0.841007475698196,3,72,73,72,72,72,0.0876686457441961,0.83041632139953,0.0376948154733854,6.18447364860824
"109","US-Tw2",1.51105676605936,1.2350350071559,1.44706456460169,2.9898679273789,0.0108622958926635,0.30347416111859,1,2,2,1,4,2,0.0843881656286841,0.519620172478334,0.0637508502761047,6.18478640092338
"110","US-Tw3",0.62714308728061,0.473724560353116,0.486213888262089,10.5372665804059,0.00304872887177665,0.491365352476071,1,12,12,11,62,12,0.11655569555286,0.711015079189698,0.0727969256664688,6.18028309366229
"111","US-UC1",0.953861433566724,0.71360719886013,0.71360719886013,18.3840419577002,0.00831127403820426,0.490307529184374,0,72,73,72,72,72,0.127754021068038,0.864561970290009,0.0495464551549077,6.17838339320136
"112","US-UC2",0.957735329399638,0.686291263693496,0.686291263693496,17.3210532253065,0.0110432498735823,0.263748190672224,1,72,73,72,72,72,0.153122841256351,0.876899522255924,0.0558223285361619,6.17323338504715
"113","US-UMB",0.485279127473692,0.429399232604586,0.429399232604586,10.5615037946639,0.000575803924116535,-0.199653665410592,0,72,73,72,72,72,0.0558825282302327,0.445555328663611,0.0476395195574865,6.18759110639468
"114","US-UMd",0.560116854323882,0.49285256741885,0.49285256741885,12.05186239304,0.000722329000849324,0.208596147896313,9,72,73,72,72,72,0.0545318840489356,0.587321330564812,0.0404931484455727,6.18771458879503
"115","US-UTB",NA,NA,NA,NA,NA,NA,NA,NA,NA,NA,NA,NA,NA,NA,NA,NA
"116","US-Var",0.321074295976033,0.260286769194,0.260286769194,6.88542159988993,0.000614007339389574,0.374491198313287,1,72,73,72,72,72,0.095199504607341,0.829306240090441,0.0419753316575754,6.18342849167638
"117","US-Vcm",NA,NA,NA,NA,NA,NA,NA,NA,NA,NA,NA,NA,NA,NA,NA,NA
"118","US-Vcp",NA,NA,NA,NA,NA,NA,NA,NA,NA,NA,NA,NA,NA,NA,NA,NA
"119","US-Whs",0.270273026544483,0.232454697644456,0.232454697644456,5.78416074712529,0.000301877436701867,0.0279989739978283,11,72,73,72,72,72,0.0747441142405265,0.418709224779672,0.0634420153019388,6.18584424869674
"120","US-Wi0",NA,NA,NA,NA,NA,NA,NA,NA,NA,NA,NA,NA,NA,NA,NA,NA
"121","US-Wi1",NA,NA,NA,NA,NA,NA,NA,NA,NA,NA,NA,NA,NA,NA,NA,NA
"122","US-Wi3",NA,NA,NA,NA,NA,NA,NA,NA,NA,NA,NA,NA,NA,NA,NA,NA
"123","US-Wi4",NA,NA,NA,NA,NA,NA,NA,NA,NA,NA,NA,NA,NA,NA,NA,NA
"124","US-Wi5",NA,NA,NA,NA,NA,NA,NA,NA,NA,NA,NA,NA,NA,NA,NA,NA
"125","US-Wi6",NA,NA,NA,NA,NA,NA,NA,NA,NA,NA,NA,NA,NA,NA,NA,NA
"126","US-Wi7",NA,NA,NA,NA,NA,NA,NA,NA,NA,NA,NA,NA,NA,NA,NA,NA
"127","US-Wi8",NA,NA,NA,NA,NA,NA,NA,NA,NA,NA,NA,NA,NA,NA,NA,NA
"128","US-Wi9",NA,NA,NA,NA,NA,NA,NA,NA,NA,NA,NA,NA,NA,NA,NA,NA
"129","US-Wjs",NA,NA,NA,NA,NA,NA,NA,NA,NA,NA,NA,NA,NA,NA,NA,NA
"130","US-Wkg",0.454699708997276,0.370650259188689,0.370650259188689,9.0752464747025,0.00171105930051122,0.0335693253727948,23,72,73,72,72,72,0.111601035038272,0.779372331703393,0.0584906336738621,6.18093509018234
"131","US-xAB",1.44750330438424,0.942462782541967,0.942462782541967,22.7815953726224,0.0545806356951528,0.993061802786223,0,72,73,72,72,72,0.247887761487098,0.875920525707109,0.0929581900240294,6.1487170536452
"132","US-xAE",3.25248445852695,2.21635548376153,2.21635548376153,53.5852350525342,0.244712992807247,0.378015909521075,0,72,73,72,72,72,0.223197381670745,0.913648146016896,0.0736297739056255,6.15487053434802
"133","US-xBL",3.30019578235636,2.25961223952901,2.25961223952901,54.0445465238591,0.243337459471089,0.572748039173827,0,72,73,72,72,72,0.218308460125434,0.901313282728802,0.0742144085454374,6.15682888249357
"134","US-xBR",2.95519851830858,2.42699501510202,2.42699501510202,57.82993609935,0.065124867493178,0.0260878024815188,1,72,73,72,72,72,0.105148853581346,0.839757746154446,0.0426842972109999,6.18194107891644
"135","US-xCL",3.5345827007922,2.20553802319648,2.2265379599261,52.2829720251137,0.201169963004017,0.668133062801715,0,16,16,16,70,16,0.203360695570311,0.864345535493176,0.0824109416052028,6.16122931412752
"136","US-xCP",4.81627800086865,2.63494411183932,3.16998633447105,39.732630470813,0.529947996439315,0.931844055075276,0,8,8,8,37,8,0.276277310243067,0.863135193452474,0.10390776435889,6.13857627827982
"137","US-xDC",1.78280963021479,1.29401105485289,1.29921750107416,29.401095937914,0.0681159540503327,0.476312450940561,1,13,13,12,71,13,0.201690961040833,0.8958572335213,0.0717870298468808,6.1614626689231
"138","US-xDL",3.78486641003669,2.48059148213131,2.70033516208821,50.5530454850976,0.404479216639779,0.52496725995223,0,11,11,11,55,11,0.25638514442173,0.905449871283641,0.0844727898374844,6.1442016269105
"139","US-xDS",4.76845284462702,3.55529621329415,3.95779726788318,56.2962780240601,0.424603208723781,0.162313306574117,0,8,8,8,45,8,0.183280324717337,0.879495912676773,0.070653767443535,6.16591931136937
"140","US-xGR",2.81602013303455,2.11703451427282,2.11703451427282,50.8765508141,0.131586672311729,0.308076483717734,23,72,73,72,72,72,0.171347595210483,0.910966027815206,0.0551199528983268,6.16913084736579
"141","US-xHA",9.26389356637775,5.62697069008351,7.28052205615094,79.9191670441908,3.79568394152887,0.50364012131492,23,6,11,8,35,31,0.346234522285712,0.84393981900888,0.147213223901586,6.10630268216373
"142","US-xJE",2.5236382998982,1.67999871228784,1.69408202625066,39.9408342813106,0.114572704711993,0.954406594674753,1,40,40,39,70,40,0.201479857001767,0.82517545069469,0.0901438504803178,6.16229161920985
"143","US-xJR",1.58298683811538,1.021610554706,1.06341288487234,21.9017580442818,0.0707606085054614,0.872304768003023,0,14,14,14,64,14,0.260381670136281,0.867324003185114,0.0973150971034153,6.14396381887437
"144","US-xKA",3.3033180568562,2.50428435750237,2.50428435750237,59.4927914160685,0.159703298838784,0.597458117792871,0,72,73,72,72,72,0.15957810472081,0.880736941568134,0.0577411724416651,6.17212736770457
"145","US-xKZ",2.6969374604812,1.71879785478901,1.80985414,39.3371837055598,0.206859590499433,0.407653574562553,0,14,14,14,63,14,0.264614127675791,0.896719221813723,0.0871019145337558,6.14059750632393
"146","US-xMB",3.12937599568153,2.16655614809512,2.17678253172796,52.8757338841151,0.215959944816557,0.670711483344793,23,62,62,39,71,62,0.214494744315439,0.87275944616892,0.0865006232643234,6.15819666106602
"147","US-xML",3.3911071137208,2.06648024419125,2.08911019372909,50.0328355916842,0.422272696761372,0.648957680465243,0,62,62,62,70,62,0.314459879139049,0.931718801317076,0.0866684820293099,6.12237152396511
"148","US-xNG",3.34958090726371,2.19662788025628,2.19662788025628,52.5323361892024,0.472874333758906,0.415849486200862,0,72,73,72,72,72,0.313051925753963,0.935291602919449,0.0881894838345082,6.12106431699423
"149","US-xNQ",5.58203606748724,4.65611084558264,4.65611084558264,110.834056609665,0.413824369973709,0.174155552199452,0,72,73,72,72,72,0.138160762205317,0.835300935350452,0.0627752212633004,6.17626888128471
"150","US-xRM",2.16058028483029,1.45447744996012,1.48942304917147,33.9545035003384,0.081082753849391,0.635636012370578,0,15,15,15,66,15,0.195775009095554,0.865088416965874,0.079559671912604,6.16329880192888
"151","US-xSB",3.40237118587463,2.28130690813366,2.35117617732063,50.7774669794371,0.294889603131269,0.801402949708123,23,13,21,14,65,37,0.238037847761226,0.905209286461719,0.0800670067963581,6.15130359788178
"152","US-xSC",5.50306525207475,4.29751219964471,4.29751219964471,102.099658503049,0.542545450236431,8.73195386781681e-05,1,72,73,72,72,72,0.171396103582537,0.907971094234951,0.0556545047584065,6.16875466864981
"153","US-xSE",3.17212414400639,2.04874348433087,2.04874348433087,48.8377103759166,0.440809925861559,0.415925147526023,0,72,73,72,72,72,0.324069453814456,0.938985544799009,0.0833971868447857,6.11641542999631
"154","US-xSJ",1.91210779425312,1.2246374781263,1.31290769159707,23.6024171748852,0.0731803993696014,0.654568947445572,0,6,6,6,56,6,0.220897012029074,0.86882991611234,0.0897870440457227,6.15605083893094
"155","US-xSL",2.12961892772775,1.27944875182173,1.27944875182173,30.3942815170728,0.12708588241649,0.984091048013341,0,72,73,72,72,72,0.278628642756022,0.895524945597785,0.0975564379298296,6.13815029638707
"156","US-xSR",3.14535330421035,1.90727231705936,1.90727231705936,45.1570007392161,0.211942792003436,1.04937485749121,0,72,73,72,72,72,0.241377408514293,0.867481020316193,0.090467980628526,6.15092959235299
"157","US-xST",3.36370772719679,2.07668881466613,2.07668881466613,50.0137253522728,0.369313421479751,0.489167280540349,0,72,73,72,72,72,0.292634901587883,0.928557770261676,0.0872034742002399,6.13021193677123
"158","US-xTA",3.43092546057859,2.25415783562308,2.26392713534306,53.5655320740973,0.269899165581232,0.567376225452573,0,61,61,61,71,61,0.230471086378756,0.905283510984598,0.0745687089888572,6.15305010055833
"159","US-xTR",2.92058209410446,2.0556442947398,2.0556442947398,49.1203010751839,0.187060808132638,0.45142065184637,1,72,73,72,72,72,0.210398885931842,0.913153751366687,0.0660365718720573,6.15887922705951
"160","US-xUK",1.96643283884686,1.54619545820689,1.62178921678766,32.7858225702114,0.0400886563064895,-0.387541758422158,1,13,13,12,58,13,0.129493019157331,0.796304804769074,0.0682626611472541,6.17760643432259
"161","US-xUN",2.71697746914826,1.49075199803876,1.56513993657552,32.5585351560998,0.254224359950625,0.673165891010563,0,12,12,12,64,12,0.338223034141526,0.917451371031593,0.0966398139414049,6.11169552859569
"162","US-xWD",1.76259699308755,1.10698716011334,1.10698716011334,26.2807968654489,0.0874418228314924,0.712915164962633,0,72,73,72,72,72,0.267126526933339,0.921435522808438,0.0780891910568392,6.14113674279833
"163","US-xYE",2.51505032489781,1.92975372567827,1.95494982714926,44.2321740162494,0.075166338566591,0.45043366736792,23,14,22,14,68,37,0.142072430377678,0.783693485409704,0.0734963056685976,6.17566981102573
